C,,,,,,
MCC ,MNC ,品牌 ,运营商 ,状态 ,,
302,220,Telus ,Telus Mobility ,营运中 ,,
302,221,Telus ,Telus Mobility ,不明 ,,
302,270,未知 ,EastLink ,测试 ,,
302,290,,Airtel Wireless ,营运中 ,,
302,320,Mobilicity ,DAVE Wireless ,营运中 ,,
302,350,FIRST ,FIRST Networks Operations ,营运中 ,,
302,360,MiKe ,Telus Mobility ,营运中 ,,
302,361,Telus ,Telus Mobility ,营运中 ,,
302,370,Fido ,Fido Solutions (Rogers Wireless) ,营运中 ,,
302,380,DMTS ,Dryden Mobility ,营运中 ,,
302,490,WIND Mobile ,Globalive Communications ,营运中 ,,
302,500,Videotron ,Videotron ,营运中 ,,
302,510,Videotron ,Videotron ,营运中 ,,
302,610,Bell ,Virgin Mobile Canada ,营运中 ,,
302,620,ICE Wireless ,ICE Wireless ,营运中 ,,
302,640,Bell ,Bell Mobility ,营运中 ,,
302,652,,BC Tel Mobility (Telus) ,营运中 ,,
302,653,Telus ,Telus Mobility ,营运中 ,,
302,655,MTS ,MTS Mobility ,营运中 ,,
302,656,TBay ,Thunder Bay Telephone Mobility ,营运中 ,,
302,657,Telus ,Telus Mobility ,营运中 ,,
302,660,MTS ,MTS Mobility ,营运中 ,,
302,680,SaskTel ,SaskTel Mobility ,营运中 ,,
302,701,,MB Tel Mobility ,营运中 ,,
302,702,,MT&T Mobility (Aliant) ,营运中 ,,
302,703,,New Tel Mobility (Aliant) ,营运中 ,,
302,710,Globalstar ,,营运中 ,,
302,720,Rogers Wireless ,Rogers Communications ,营运中 ,,
302,780,SaskTel ,SaskTel Mobility ,营运中 ,,
302,880,Bell / Telus / SaskTel ,"Shared Telus, Bell, and SaskTel ",营运中 ,,
,,,,,,
刚果民主共和国 - CD,,,,,,
,,,,,,
MCC ,MNC ,品牌 ,运营商 ,状态 ,,
630,1,Vodacom ,Vodacom Congo RDC sprl ,营运中 ,,
630,2,Zain ,Celtel Congo ,营运中 ,,
630,4,,Cellco ,不明 ,,
630,5,Supercell ,Supercell SPRL ,营运中 ,,
630,10,Libertis Telecom ,,营运中 ,,
630,86,CCT ,Congo-Chine Telecom s.a.r.l. ,营运中 ,,
630,89,SAIT Telecom ,OASIS SPRL ,营运中 ,,
,,,,,,
中非共和国 - CF,,,,,,
,,,,,,
MCC ,MNC ,品牌 ,运营商 ,状态 ,,
623,1,CTP ,Centrafrique Telecom Plus ,营运中 ,,
623,2,TC ,Telecel Centrafrique ,营运中 ,,
623,3,Orange ,Orange RCA ,计划/保留 ,,
623,4,Nationlink ,Nationlink Telecom RCA ,营运中 ,,
,,,,,,
刚果共和国 - CG,,,,,,
,,,,,,
MCC ,MNC ,品牌 ,运营商 ,状态 ,,
629,1,Airtel ,Celtel Congo ,营运中 ,,
629,7,,Warid Telecom ,营运中 ,,
629,10,Libertis Telecom ,MTN CONGO S.A ,营运中 ,,
,,,,,,
瑞士 - CH,,,,,,
,,,,,,
MCC ,MNC ,品牌 ,运营商 ,状态 ,,
228,1,Swisscom ,Swisscom Ltd ,营运中 ,,
228,2,Sunrise ,Sunrise Communications AG ,营运中 ,,
228,3,Orange ,Orange Communications SA ,营运中 ,,
228,5,,Togewanet AG (Comfone) ,计划/保留 ,,
228,6,SBB-CFF-FFS ,SBB AG ,营运中 ,,
228,7,IN&Phone ,IN&Phone SA ,营运中 ,,
228,8,Tele2 ,Tele2 Telecommunications AG ,营运中 ,,
228,50,,3G Mobile AG ,计划/保留 ,,
228,51,,BebbiCell AG ,营运中 ,,
,,,,,,
科特迪瓦 - CI,,,,,,
,,,,,,
MCC ,MNC ,品牌 ,运营商 ,状态 ,,
612,1,,Cora de Comstar ,非营运中 ,,
612,2,Moov ,,营运中 ,,
612,3,Orange ,,营运中 ,,
612,4,KoZ ,Comium Ivory Coast Inc ,营运中 ,,
612,5,MTN ,,营运中 ,,
612,6,ORICEL ,ORICEL ,营运中 ,,
,,,,,,
库克群岛 (新西兰) - CK,,,,,,
,,,,,,
MCC,MNC,品牌,运营商,状态,,
548,1,,Telecom Cook,营运中,,
,,,,,,
智利 - CL,,,,,,
,,,,,,
MCC ,MNC ,品牌 ,运营商 ,状态 ,,
730,1,entel ,Entel PCS Telecomunicaciones S.A. ,营运中 ,,
730,2,movistar ,Telefónica Móvil de Chile ,营运中 ,,
730,3,Claro ,Claro Chile S.A. ,营运中 ,,
730,4,Nextel ,Centennial Cayman Corp. Chile ,营运中 ,,
730,8,VTR Móvil ,VTR S.A. ,营运中 ,,
730,9,Nextel ,Centennial Cayman Corp. Chile ,营运中 ,,
730,10,entel ,Entel Telefonía Móvil S.A. ,营运中 ,,
730,99,Will ,WILL Telefonía ,营运中 ,,
,,,,,,
喀麦隆 - CM,,,,,,
,,,,,,
MCC ,MNC ,品牌 ,运营商 ,状态 ,,
624,1,MTN Cameroon ,Mobile Telephone Network Cameroon Ltd ,营运中 ,,
624,2,Orange ,Orange Cameroun S.A. ,营运中 ,,
624,3,camtel ,,营运中 ,,
,,,,,,
中华人民共和国 - CN,,,,,,
,,,,,,
MCC ,MNC ,品牌 ,运营商 ,状态 ,,
460,0,中国移动（China Mobile） ,中国移动（China Mobile） ,营运中 ,,
460,1,中国联通（China Unicom） ,中国联通（China Unicom） ,营运中 ,,
460,2,中国移动（China Mobile） ,中国移动（China Mobile） ,营运中 ,,
460,3,中国电信（China Telecom） ,中国电信（China Telecom） ,营运中 ,,
460,4,测试网络,测试网络,测试,,
460,5,中国电信（China Telecom） ,中国电信（China Telecom） ,营运中 ,,
460,6,中国联通（China Unicom） ,中国联通（China Unicom） ,营运中 ,,
460,7,中国移动（China Mobile） ,中国移动（China Mobile） ,营运中 ,,
460,9,中国联通（China Unicom） ,中国联通（China Unicom） ,营运中 ,,
460,11,中国电信（China Telecom） ,中国电信（China Telecom） ,营运中 ,,
460,20,中国铁通（China Tietong） ,中国铁通（China Tietong） ,营运中 ,,
,,,,,,
哥伦比亚 - CO,,,,,,
,,,,,,
MCC ,MNC ,品牌 ,运营商 ,状态 ,,
732,1,,Colombia Telecomunicaciones S.A. ,营运中 ,,
732,2,Edatel ,Edatel S.A. ,营运中 ,,
732,101,Comcel ,Comcel Colombia ,营运中 ,,
732,102,movistar ,Bellsouth Colombia ,营运中 ,,
732,103,Tigo ,Colombia Móvil ,营运中 ,,
732,111,Tigo ,Colombia Móvil ,营运中 ,,
732,123,movistar ,Telefónica Móviles Colombia ,营运中 ,,
,,,,,,
哥斯达黎加 - CR,,,,,,
,,,,,,
MCC ,MNC ,品牌 ,运营商 ,状态 ,,
712,1,Kolbi ICE ,Instituto Costarricense de Electricidad ,营运中 ,,
712,2,Kolbi ICE ,Instituto Costarricense de Electricidad ,营运中 ,,
712,3,Claro ,Claro CR Telecomunicaciones ,营运中 ,,
712,4,movistar ,Telefonica Móviles Costa Rica ,营运中 ,,
,,,,,,
古巴 - CU,,,,,,
,,,,,,
MCC,MNC,品牌,运营商,状态,,
368,1,CUBACEL,"Empresa de Telecomunicaciones de Cuba, SA",营运中,,
,,,,,,
佛得角 - CV,,,,,,
,,,,,,
MCC,MNC,品牌,运营商,状态,,
625,2,T+,T+,营运中,,
,,,,,,
库拉索 (荷兰王国) - CW,,,,,,
,,,,,,
MCC ,MNC ,品牌 ,运营商 ,状态 ,,
362,51,Telcell ,Telcell N.V. ,营运中 ,,
362,69,Digicel ,Cura?ao Telecom N.V. ,营运中 ,,
362,91,UTS ,Setel N.V. ,营运中 ,,
362,94,Bayòs ,Bòbò Frus N.V. ,营运中 ,,
362,95,MIO ,E.O.C.G. Wireless ,营运中 ,,
,,,,,,
塞浦路斯 - CY,,,,,,
,,,,,,
MCC ,MNC ,品牌 ,运营商 ,状态 ,,
280,1,Cytamobile-Vodafone ,Cyprus Telecommunications Auth ,营运中 ,,
280,10,MTN ,Areeba Ltd ,营运中 ,,
,,,,,,
捷克 - CZ,,,,,,
,,,,,,
MCC ,MNC ,品牌 ,运营商 ,状态 ,,
230,1,T-Mobile ,T-Mobile Czech Republic ,营运中 ,,
230,3,Vodafone ,Vodafone Czech Republic ,营运中 ,,
230,4,U:fon ,"MobilKom, a. s. ",营运中 ,,
230,5,,"TRAVEL TELEKOMMUNIKATION, s.r.o. ",不明 ,,
230,6,,"OSNO TELECOMUNICATION, s.r.o. ",不明 ,,
230,98,,"Správa ?elezni?ní dopravní cesty, s.o. ",营运中 ,,
230,99,Vodafone ,Vodafone Czech Republic ,营运中 ,,
D,,,,,,
德国 - DE,,,,,,
MCC ,MNC ,品牌 ,运营商 ,状态 ,,
262,1,T-Mobile ,T-Mobile Deutschland GmbH ,营运中 ,,
262,2,Vodafone ,Vodafone D2 GmbH ,营运中 ,,
262,3,E-Plus ,E-Plus Mobilfunk ,营运中 ,,
262,4,Vodafone ,,计划/保留 ,,
262,5,E-Plus ,E-Plus Mobilfunk ,计划/保留 ,,
262,6,T-Mobile ,,计划/保留 ,,
262,9,Vodafone ,,计划/保留 ,,
262,10,,Arcor AG & Co ,营运中 ,,
262,12,,Dolphin Telecom ,非营运中 ,,
262,13,,Mobilcom Multimedia ,非营运中 ,,
262,14,,Group 3G UMTS ,非营运中 ,,
262,15,Airdata ,,营运中 ,,
262,16,Vistream ,,不明 ,,
262,42,27C3 ,Chaos Computer Club ,非营运中 ,,
262,43,LYCA ,Lycamobile ,营运中 ,,
262,60,,DB Telematik ,营运中 ,,
262,76,,Siemens AG ,营运中 ,,
262,77,E-Plus ,,营运中 ,,
262,901,Debitel ,,营运中 ,,
262,92,Nash Technologies ,,营运中 ,,
,,,,,,
吉布提 - DJ,,,,,,
,,,,,,
MCC,MNC,品牌,运营商,状态,,
638,1,Evatis,Djibouti Telecom SA,营运中,,
,,,,,,
丹麦 - DK,,,,,,
,,,,,,
MCC ,MNC ,品牌 ,运营商 ,状态 ,,
238,1,TDC ,TDC A/S ,营运中 ,,
238,2,Telenor ,Telenor Denmark ,营运中 ,,
238,3,,MIGway A/S ,计划/保留 ,,
238,5,,ApS KBUS ,计划/保留 ,,
238,6,3,Hi3G Denmark ApS ,营运中 ,,
238,7,,Barablu Mobile Ltd. ,计划/保留 ,,
238,9,,Dansk Beredskabskommunikation A/S ,不明 ,,
238,10,TDC ,TDC A/S ,营运中 ,,
238,11,,Dansk Beredskabskommunikation A/S ,不明 ,,
238,12,,Lycamobile Denmark Ltd ,不明 ,,
238,20,Telia ,,营运中 ,,
238,30,Telia ,Telia N?ttj?nster Norden AB ,营运中 ,,
238,40,,Ericsson Danmark A/S ,不明 ,,
238,77,Telenor ,Telenor Denmark ,营运中 ,,
,,,,,,
多米尼克 - DM,,,,,,
,,,,,,
MCC ,MNC ,品牌 ,运营商 ,状态 ,,
366,20,Digicel ,Digicel Group Limited ,营运中 ,,
366,110,,Cable & Wireless ,营运中 ,,
,,,,,,
多米尼加共和国 - DO,,,,,,
,,,,,,
MCC ,MNC ,品牌 ,运营商 ,状态 ,,
370,1,Orange ,Orange Dominicana ,营运中 ,,
370,2,Claro ,"Compa?ía Dominicana de Teléfonos, C por ",营运中 ,,
370,3,Tricom ,Tricom S.A. ,营运中 ,,
370,4,Viva ,"Trilogy Dominicana, S.A. ",营运中 ,,
,,,,,,
阿尔及利亚 - DZ,,,,,,
,,,,,,
MCC ,MNC ,品牌 ,运营商 ,状态 ,,
603,1,Mobilis ,ATM Mobilis ,营运中 ,,
603,2,Djezzy ,Orascom Telecom Algerie Spa ,营运中 ,,
603,3,Nedjma ,Wataniya Telecom Algerie ,营运中 ,,
E,,,,,,
厄瓜多尔 - EC,,,,,,
MCC ,MNC ,品牌 ,运营商 ,状态 ,,
740,0,Movistar ,Otecel S.A. ,营运中 ,,
740,1,Claro ,CONECEL S.A. ,营运中 ,,
740,2,Alegro ,Corporación Nacional de Telecomunicaciones CNT EP ,营运中 ,,
,,,,,,
爱沙尼亚 - EE,,,,,,
,,,,,,
MCC ,MNC ,品牌 ,运营商 ,状态 ,,
248,1,EMT ,Estonian Mobile Telecom ,营运中 ,,
248,2,Elisa ,Elisa Eesti ,营运中 ,,
248,3,Tele 2 ,Tele 2 Eesti ,营运中 ,,
248,4,,OY Top Connect ,不明 ,,
248,5,,AS Bravocom Mobiil ,不明 ,,
248,6,,Progroup Holding ,营运中 ,,
,,,,,,
埃及 - EG,,,,,,
,,,,,,
MCC ,MNC ,品牌 ,运营商 ,状态 ,,
602,1,Mobinil ,ECMS-Mobinil ,营运中 ,,
602,2,Vodafone ,Vodafone Egypt ,营运中 ,,
602,3,Etisalat ,Etisalat Egypt ,营运中 ,,
,,,,,,
厄立特里亚 - ER,,,,,,
,,,,,,
MCC,MNC,品牌,运营商,状态,,
657,1,Eritel,Eritrea Telecommunications Services Corporation,营运中,,
,,,,,,
西班牙 - ES,,,,,,
,,,,,,
MCC ,MNC ,品牌 ,运营商 ,状态 ,,
214,1,Vodafone ,Vodafone Spain ,营运中 ,,
214,3,Orange ,France Telecom Espa?a SA ,营运中 ,,
214,4,Yoigo ,Xfera Moviles SA ,营运中 ,,
214,5,TME ,Telefónica Móviles Espa?a ,营运中 ,,
214,6,Vodafone ,Vodafone Spain ,营运中 ,,
214,7,movistar ,Telefónica Móviles Espa?a ,营运中 ,,
214,8,Euskaltel ,,营运中 ,,
214,9,Orange ,France Telecom Espa?a SA ,营运中 ,,
214,15,BT ,BT Group Espa?a Compa?ia de Servicios Globales de Telecomunicaciones S.A.U. ,营运中 ,,
214,16,TeleCable ,Telecable de Asturias S.A.U. ,营运中 ,,
214,17,Móbil R ,R Cable y Telecomunicaciones Galicia S.A. ,营运中 ,,
214,18,ONO ,Cableuropa S.A.U. ,营运中 ,,
214,19,Simyo ,E-PLUS Moviles Virtuales Espa?a S.L.U. ,营运中 ,,
214,20,Fonyou ,Fonyou Telecom S.L. ,营运中 ,,
214,21,Jazztel ,Jazz Telecom S.A.U. ,营运中 ,,
214,22,DigiMobil ,Best Spain Telecom ,营运中 ,,
214,23,Barablu ,Barablu Móvil Espa?a ,不明 ,,
214,24,Eroski ,Eroski Móvil Espa?a ,营运中 ,,
214,25,LycaMobile ,LycaMobile S.L. ,营运中 ,,
,,,,,,
埃塞俄比亚 - ET,,,,,,
,,,,,,
MCC,MNC,品牌,运营商,状态,,
636,1,ETH-MTN,Ethio Telecom,营运中,,
F,,,,,,
芬兰 - FI,,,,,,
MCC ,MNC ,品牌 ,运营商 ,状态 ,,
244,3,DNA ,DNA Oy ,营运中 ,,
244,5,Elisa ,Elisa Oyj ,营运中 ,,
244,7,Nokia ,Nokia Test Network ,营运中 ,,
244,8,,未知 ,营运中 ,,
244,10,,TDC Oy ,不明 ,,
244,11,VIRVE ,Suomen Erillisverkot Oy ,营运中 ,,
244,12,DNA ,DNA Oy ,营运中 ,,
244,14,AMT ,?lands Mobiltelefon ,营运中 ,,
244,15,SAMK ,Samk student network ,营运中 ,,
244,21,Saunalahti ,Elisa Oyj ,营运中 ,,
244,29,,Scnl Truphone ,不明 ,,
244,91,Sonera ,TeliaSonera Finland Oyj ,营运中 ,,
,,,,,,
斐济 - FJ,,,,,,
,,,,,,
MCC ,MNC ,品牌 ,运营商 ,状态 ,,
542,1,Vodafone ,Vodafone Fiji ,营运中 ,,
542,2,Digicel ,Digicel Fiji ,营运中 ,,
,,,,,,
密克罗尼西亚联邦 - FM,,,,,,
,,,,,,
MCC,MNC,品牌,运营商,状态,,
550,1,,FSM EMMANUEL,营运中,,
,,,,,,
法罗群岛 (丹麦) - FO,,,,,,
,,,,,,
MCC ,MNC ,品牌 ,运营商 ,状态 ,,
288,1,Faroese Telecom ,Faroese Telecom ,营运中 ,,
288,2,Vodafone ,Vodafone Faroe Islands ,营运中 ,,
,,,,,,
法国 - FR,,,,,,
,,,,,,
MCC ,MNC ,品牌 ,运营商 ,状态 ,,
208,0,Orange ,France Télécom ,营运中 ,,
208,1,Orange ,France Télécom ,营运中 ,,
208,2,Orange ,France Télécom ,营运中 ,,
208,5,,Globalstar Europe ,营运中 ,,
208,6,,Globalstar Europe ,营运中 ,,
208,7,,Globalstar Europe ,营运中 ,,
208,10,SFR ,威望迪 ,营运中 ,,
208,11,SFR ,威望迪 ,营运中 ,,
208,13,SFR ,威望迪 ,营运中 ,,
208,14,Free Mobile ,Iliad ,营运中 ,,
208,15,Free Mobile ,Iliad ,营运中 ,,
208,20,Bouygues ,Bouygues Telecom ,营运中 ,,
208,21,Bouygues ,Bouygues Telecom ,不明 ,,
208,22,Transatel Mobile ,Transatel ,不明 ,,
208,88,Bouygues ,Bouygues Telecom ,营运中 ,,
G,,,,,,
加蓬 - GA,,,,,,
MCC ,MNC ,品牌 ,运营商 ,状态 ,,
628,1,Libertis ,Gabon Telecom & Libertis S.A. ,营运中 ,,
628,2,Moov ,Atlantique Télécom (Etisalat Group) Gabon S.A. ,营运中 ,,
628,3,Airtel ,Airtel Gabon S.A. ,营运中 ,,
628,4,Azur ,USAN Gabon S.A. ,营运中 ,,
,,,,,,
英国 - GB,,,,,,
,,,,,,
MCC ,MNC ,品牌 ,运营商 ,状态 ,,
234,0,BT ,BT Group ,营运中 ,,
234,1,Vectone Mobile ,Mundio Mobile Limited ,营运中 ,,
234,2,O2 ,Telefónica O2 UK Limited ,营运中 ,,
234,3,Airtel Vodafone ,JERSEY AIRTEL LIMITED ,营运中 ,,
234,4,FMS Solutions Ltd ,FMS Solutions Ltd ,计划/保留 ,,
234,5,,COLT Mobile Telecommunications Limited ,不明 ,,
234,6,,Internet Computer Bureau Limited ,不明 ,,
234,7,,Cable & Wireless UK ,营运中 ,,
234,8,,OnePhone (UK) Ltd ,不明 ,,
234,9,Sure Mobile ,Cable & Wireless Isle of Man Ltd. ,营运中 ,,
234,10,O2 ,Telefónica O2 UK Limited ,营运中 ,,
234,11,O2 ,Telefónica Europe ,营运中 ,,
234,12,Railtrack ,Network Rail Infrastructure Ltd ,营运中 ,,
234,13,Railtrack ,Network Rail Infrastructure Ltd ,营运中 ,,
234,14,Hay Systems Ltd ,Hay Systems Ltd ,营运中 ,,
234,15,Vodafone ,Vodafone United Kingdom ,营运中 ,,
234,16,Talk Talk ,TalkTalk Communications Limited ,营运中 ,,
234,17,,FleXtel Limited ,不明 ,,
234,18,Cloud9 ,Cloud9 ,营运中 ,,
234,19,Private Mobile Networks PMN ,Teleware plc ,营运中 ,,
234,20,Three ,Hutchison 3G UK Ltd ,营运中 ,,
234,22,RoutoMessaging ,Routo Telecommunications Limited ,营运中 ,,
234,24,Greenfone ,Stour Marine ,营运中 ,,
234,25,Truphone ,Software Cellular Network Ltd ,营运中 ,,
234,30,T-Mobile ,Everything Everywhere Limited (TM) ,营运中 ,,
234,31,Virgin ,Virgin Mobile ,营运中 ,,
234,32,Virgin ,Virgin Mobile ,营运中 ,,
234,33,Orange ,Orange UK ,营运中 ,,
234,34,Orange ,Orange UK ,营运中 ,,
234,35,,JSC Ingenium (UK) Limited ,不明 ,,
234,36,,Cable and Wireless Isle of Man Limited ,不明 ,,
234,37,,Synectiv Ltd ,不明 ,,
234,50,JT-Wave ,Jersey Telecom (JT-Wave) ,营运中 ,,
234,55,Sure Mobile ,Cable & Wireless Jersey Limited ,营运中 ,,
234,58,Pronto GSM ,Manx Telecom ,营运中 ,,
234,76,BT ,BT Group ,营运中 ,,
234,78,Airwave ,Airwave (communications network) ,营运中 ,,
,,,,,,
英国 - GB,,,,,,
,,,,,,
MCC ,MNC ,品牌 ,运营商 ,状态 ,,
235,0,,Mundio Mobile Limited ,不明 ,,
235,1,,Everything Everywhere Limited (TM) ,不明 ,,
235,2,,Everything Everywhere Limited (TM) ,不明 ,,
235,77,BT ,BT Group ,不明 ,,
235,91,,Vodafone United Kingdom ,不明 ,,
235,92,,Cable & Wireless UK ,不明 ,,
235,94,,Hutchison 3G UK Ltd ,不明 ,,
235,95,,Network Rail Infrastructure Limited ,不明 ,,
,,,,,,
格林纳达 - GD,,,,,,
,,,,,,
MCC ,MNC ,品牌 ,运营商 ,状态 ,,
352,30,Digicel ,Digicel Grenada Ltd. ,营运中 ,,
352,110,Cable & Wireless ,Cable & Wireless Grenada Ltd. ,营运中 ,,
,,,,,,
乔治亚 - GE,,,,,,
,,,,,,
MCC ,MNC ,品牌 ,运营商 ,状态 ,,
282,1,Geocell ,Geocell Limited ,营运中 ,,
282,2,MagtiCom ,Magticom GSM ,营运中 ,,
282,3,MagtiCom ,Magtifix ,营运中 ,,
282,4,Beeline ,Mobitel LLC ,营运中 ,,
,,,,,,
加纳 - GH,,,,,,
,,,,,,
MCC ,MNC ,品牌 ,运营商 ,状态 ,,
620,1,MTN ,MTN Group ,营运中 ,,
620,2,Vodafone ,Vodafone Group ,营运中 ,,
620,3,tiGO ,Millicom Ghana ,营运中 ,,
620,4,Expresso ,Kasapa / Hutchison Telecom ,营运中 ,,
620,6,Airtel ,Airtel ,营运中 ,,
,,,,,,
直布罗陀 (英国) - GI,,,,,,
,,,,,,
MCC ,MNC ,品牌 ,运营商 ,状态 ,,
266,1,GibTel ,Gibraltar Telecoms ,营运中 ,,
266,6,CTS Mobile ,CTS Gibraltar ,营运中 ,,
,,,,,,
格陵兰 (丹麦) - GL,,,,,,
,,,,,,
MCC,MNC,品牌,运营商,状态,,
290,1,,TELE Greenland A/S,营运中,,
,,,,,,
冈比亚 - GM,,,,,,
,,,,,,
MCC ,MNC ,品牌 ,运营商 ,状态 ,,
607,1,Gamcel ,Gamcel ,营运中 ,,
607,2,Africel ,Africel ,营运中 ,,
607,3,Comium ,Comium ,营运中 ,,
607,4,QCell ,QCell Gambia ,营运中 ,,
,,,,,,
几内亚 - GN,,,,,,
,,,,,,
MCC ,MNC ,品牌 ,运营商 ,状态 ,,
611,1,Orange S.A. ,Orange ,营运中 ,,
611,2,Sotelgui ,Sotelgui Lagui ,营运中 ,,
611,3,Telecel Guinee ,INTERCEL Guinée ,营运中 ,,
611,4,MTN ,Areeba Guinea ,营运中 ,,
611,5,Cellcom ,Cellcom ,营运中 ,,
,,,,,,
赤道几内亚 - GQ,,,,,,
,,,,,,
MCC ,MNC ,品牌 ,运营商 ,状态 ,,
627,1,Orange GQ ,GETESA ,营运中 ,,
627,3,Hits GQ ,HiTs EG.SA ,营运中 ,,
627,4,GECOMSA ,GECOMSA ,营运中 ,,
,,,,,,
希腊 - GR,,,,,,
,,,,,,
MCC ,MNC ,品牌 ,运营商 ,状态 ,,
202,1,Cosmote ,COSMOTE - Mobile Telecommunications S.A. ,营运中 ,,
202,5,Vodafone ,Vodafone Greece ,营运中 ,,
202,9,Wind ,Wind Hellas Telecommunications S.A. (Q-Telecom) ,营运中 ,,
202,10,Wind ,Wind Hellas Telecommunications S.A. ,营运中 ,,
,,,,,,
危地马拉 - GT,,,,,,
,,,,,,
MCC ,MNC ,品牌 ,运营商 ,状态 ,,
704,1,Claro ,Servicios de Comunicaciones Personales Inalambricas (SERCOM) ,营运中 ,,
704,2,Comcel / Tigo ,Millicom / Local partners ,营运中 ,,
704,3,movistar ,Telefonica Móviles Guatemala (Telefónica) ,营运中 ,,
,,,,,,
几内亚比绍 - GW,,,,,,
,,,,,,
MCC ,MNC ,品牌 ,运营商 ,状态 ,,
632,2,Areeba ,Spacetel Guiné-Bissau S.A. ,营运中 ,,
632,3,Orange ,,营运中 ,,
,,,,,,
圭亚那 - GY,,,,,,
,,,,,,
MCC ,MNC ,品牌 ,运营商 ,状态 ,,
738,1,Digicel ,U-Mobile (Cellular) Inc. ,营运中 ,,
738,2,GT&T Cellink Plus ,Guyana Telephone & Telegraph Co. ,营运中 ,,
H,,,,,,
香港 (中华人民共和国) - HK,,,,,,
MCC ,MNC ,品牌 ,运营商 ,状态 ,,
454,0,1O1O / csl. / SUN Mobile ,CSL Mobile Limited ,营运中 ,,
454,1,,CITIC Telecom ,营运中 ,,
454,2,,CSL ,营运中 ,,
454,3,3 (3G) ,Hutchison Telecom ,营运中 ,,
454,4,3 (2G) ,Hutchison Telecom ,营运中 ,,
454,5,3 (CDMA) ,Hutchison Telecom ,非营运中 ,,
454,6,SmarTone ,SmarTone Mobile Communications Limited ,营运中 ,,
454,7,,China Unicom (Hong Kong) Limited ,营运中 ,,
454,8,,Trident Telecom ,非营运中 ,,
454,9,,China Motion Telecom ,营运中 ,,
454,10,New World Mobility ,CSL ,营运中 ,,
454,11,,China-Hong Kong Telecom ,营运中 ,,
454,12,CMCC HK ,China Mobile Hong Kong Company Limited ,营运中 ,,
454,13,CMCC HK ,China Mobile Hong Kong Company Limited ,营运中 ,,
454,14,,Hutchison Telecom ,营运中 ,,
454,15,,SmarTone Mobile Communications Limited ,营运中 ,,
454,16,PCCW Mobile (2G) ,PCCW Limited ,营运中 ,,
454,17,,SmarTone Mobile Communications Limited ,营运中 ,,
454,18,,CSL ,营运中 ,,
454,19,PCCW Mobile (3G) ,PCCW Limited ,营运中 ,,
454,29,PCCW Mobile (CDMA) ,PCCW Limited ,营运中 ,,
,,,,,,
洪都拉斯 - HN,,,,,,
,,,,,,
MCC ,MNC ,品牌 ,运营商 ,状态 ,,
708,1,Claro ,Servicios de Comunicaciones de Honduras S.A. de C.V. ,营运中 ,,
708,2,Tigo ,Celtel / Tigo ,营运中 ,,
708,30,Hondutel ,Empresa Hondure?a de Telecomunicaciones ,营运中 ,,
708,40,DIGICEL ,Digicel de Honduras ,营运中 ,,
,,,,,,
克罗地亚 - HR,,,,,,
,,,,,,
MCC ,MNC ,品牌 ,运营商 ,状态 ,,
219,1,T-Mobile ,T-Mobile Croatia ,营运中 ,,
219,2,Tele2 ,Tele2 ,营运中 ,,
219,10,Vip ,Vipnet ,营运中 ,,
,,,,,,
海地 - HT,,,,,,
,,,,,,
MCC ,MNC ,品牌 ,运营商 ,状态 ,,
372,1,Voila ,Communication Cellulaire dHaiti S.A. ,营运中 ,,
372,2,Digicel ,Unigestion Holding S.A. ,营运中 ,,
372,3,NATCOM ,Telecommunication S.A. ,营运中 ,,
,,,,,,
匈牙利 - HU,,,,,,
,,,,,,
MCC ,MNC ,品牌 ,运营商 ,状态 ,,
216,1,Telenor ,Telenor Magyarország Zrt. ,营运中 ,,
216,30,T-Mobile ,Magyar Telekom Plc ,营运中 ,,
216,70,Vodafone ,Vodafone Magyarország Zrt. ,营运中 ,,
I,,,,,,
印度尼西亚 - ID,,,,,,
MCC ,MNC ,品牌 ,运营商 ,状态 ,,
510,0,PSN ,PT Pasifik Satelit Nusantara (ACeS) ,营运中 ,,
510,1,INDOSAT ,PT Indonesian Satellite Corporation Tbk (INDOSAT) ,营运中 ,,
510,3,StarOne ,PT Indosat Tbk ,营运中 ,,
510,7,TelkomFlexi ,PT Telkom ,营运中 ,,
510,8,AXIS ,PT Natrindo Telepon Seluler ,营运中 ,,
510,9,SMART ,PT Smart Telecom ,营运中 ,,
510,10,Telkomsel ,PT Telekomunikasi Selular ,营运中 ,,
510,11,XL ,PT XL Axiata Tbk ,营运中 ,,
510,20,TELKOMMobile ,PT Telkom Indonesia Tbk ,不明 ,,
510,21,IM3 ,PT Indonesian Satellite Corporation Tbk (INDOSAT) ,非营运中 ,,
510,27,Ceria ,PT Sampoerna Telekomunikasi Indonesia ,营运中 ,,
510,28,Fren/Hepi ,PT Mobile-8 Telecom ,营运中 ,,
510,89,3,PT Hutchison CP Telecommunications ,营运中 ,,
510,99,Esia ,PT Bakrie Telecom ,营运中 ,,
,,,,,,
爱尔兰共和国 - IE,,,,,,
,,,,,,
MCC ,MNC ,品牌 ,运营商 ,状态 ,,
272,1,Vodafone ,Vodafone Ireland ,营运中 ,,
272,3,Meteor ,Meteor Mobile Communications ,营运中 ,,
272,4,,Access Telecom ,不明 ,,
272,5,3,Hutchison 3G Ireland limited ,营运中 ,,
272,7,Eircom ,Eircom Mobile ,营运中 ,,
272,9,,Clever Communications ,不明 ,,
272,11,,Liffey Telecom ,营运中 ,,
,,,,,,
印度 - IN,,,,,,
,,,,,,
MCC ,MNC ,品牌 ,运营商 ,状态 ,,
404,1,Vodafone IN ,Haryana ,营运中 ,,
404,2,AirTel ,Punjab ,营运中 ,,
404,3,AirTel ,Himachal Pradesh ,营运中 ,,
404,4,IDEA ,Delhi & NCR ,营运中 ,,
404,5,Vodafone IN ,Gujarat ,营运中 ,,
404,7,IDEA ,Andhra Pradesh ,营运中 ,,
404,9,Reliance ,Assam ,营运中 ,,
404,10,AirTel ,Delhi & NCR ,营运中 ,,
404,11,Vodafone IN ,Delhi & NCR ,营运中 ,,
404,12,IDEA ,Haryana ,营运中 ,,
404,13,Vodafone IN ,Andhra Pradesh ,营运中 ,,
404,14,IDEA ,Punjab ,营运中 ,,
404,15,Vodafone IN ,Uttar Pradesh (East) ,营运中 ,,
404,17,AIRCEL ,West Bengal ,营运中 ,,
404,19,IDEA ,Kerala ,营运中 ,,
404,20,Vodafone IN ,Mumbai ,营运中 ,,
404,21,Loop Mobile ,Mumbai ,营运中 ,,
404,22,IDEA ,Maharashtra & Goa ,营运中 ,,
404,24,IDEA ,Gujarat ,营运中 ,,
404,25,AIRCEL ,Bihar ,营运中 ,,
404,27,Vodafone IN ,Maharashtra & Goa ,营运中 ,,
404,28,AIRCEL ,Orissa ,营运中 ,,
404,29,AIRCEL ,Assam ,营运中 ,,
404,30,Vodafone IN ,Kolkata ,营运中 ,,
404,31,AirTel ,Kolkata ,营运中 ,,
404,34,CellOne ,Haryana ,营运中 ,,
404,36,Reliance ,Bihar & Jharkhand ,营运中 ,,
404,37,Aircel ,Jammu & Kashmir ,营运中 ,,
404,38,CellOne ,Assam ,营运中 ,,
404,41,Aircel ,Chennai ,营运中 ,,
404,42,Aircel ,Tamil Nadu ,营运中 ,,
404,44,IDEA ,Karnataka ,营运中 ,,
404,45,Airtel ,Karnataka ,营运中 ,,
404,46,Vodafone IN ,Kerala ,营运中 ,,
404,48,Dishnet Wireless ,未知 ,营运中 ,,
404,49,Airtel ,Andhra Pradesh ,营运中 ,,
404,51,CellOne ,Himachal Pradesh ,营运中 ,,
404,52,Reliance ,Orissa ,营运中 ,,
404,53,CellOne ,Punjab ,营运中 ,,
404,54,CellOne ,Uttar Pradesh (West) ,营运中 ,,
404,55,CellOne ,Uttar Pradesh (East) ,营运中 ,,
404,56,IDEA ,Uttar Pradesh (West) ,营运中 ,,
404,57,CellOne ,Gujarat ,营运中 ,,
404,58,CellOne ,Madhya Pradesh & Chhattisgarh ,营运中 ,,
404,59,CellOne ,Rajasthan ,营运中 ,,
404,60,Vodafone IN ,Rajasthan ,营运中 ,,
404,62,CellOne ,Jammu & Kashmir ,营运中 ,,
404,64,CellOne ,Chennai ,营运中 ,,
404,66,CellOne ,Maharashtra & Goa ,营运中 ,,
404,67,Reliance GSM ,Madhya Pradesh & Chhattisgarh ,营运中 ,,
404,68,DOLPHIN ,Delhi & NCR ,营运中 ,,
404,69,DOLPHIN ,Mumbai ,营运中 ,,
404,71,CellOne ,Karnataka (Bangalore) ,营运中 ,,
404,72,CellOne ,Kerala ,营运中 ,,
404,74,CellOne ,West Bengal ,营运中 ,,
404,76,CellOne ,Orissa ,营运中 ,,
404,78,Idea Cellular Ltd ,Madhya Pradesh & Chattishgarh ,营运中 ,,
404,80,BSNL MOBILE ,Bharat Sanchar Nigam Limited ,营运中 ,,
404,81,CellOne ,Kolkata ,营运中 ,,
404,82,Idea ,Himachal Pradesh ,营运中 ,,
404,83,Reliance Smart GSM ,Kolkata ,营运中 ,,
404,84,Vodafone IN ,Chennai ,营运中 ,,
404,85,Reliance ,West Bengal ,营运中 ,,
404,86,Vodafone IN ,Karnataka ,营运中 ,,
404,87,Idea ,Rajisthan ,营运中 ,,
404,88,Vodafone IN ,Vodafone Punjab ,营运中 ,,
404,89,Idea ,Uttar Pradesh (East) ,营运中 ,,
404,90,AirTel ,Maharashtra & Goa ,营运中 ,,
404,91,AIRCEL ,Kolkata ,营运中 ,,
404,92,AirTel ,Mumbai ,营运中 ,,
404,927,Uninor ,Gujarat ,营运中 ,,
404,93,AirTel ,Madhya Pradesh ,营运中 ,,
404,96,AirTel ,Haryana ,营运中 ,,
,,,,,,
印度 - IN,,,,,,
,,,,,,
MCC ,MNC ,品牌 ,运营商 ,状态 ,,
405,1,Reliance ,Andhra Pradesh ,营运中 ,,
405,25,TATA Teleservice ,Andhra Pradesh ,营运中 ,,
405,26,TATA Teleservice ,Assam ,营运中 ,,
405,27,TATA Teleservice ,Bihar/Jharkhand ,营运中 ,,
405,29,TATA Teleservice ,Delhi ,营运中 ,,
405,3,Reliance ,Bihar ,营运中 ,,
405,30,TATA Teleservice ,Gujarat ,营运中 ,,
405,31,TATA Teleservice ,Haryana ,营运中 ,,
405,32,TATA Teleservice ,Himachal Pradesh ,营运中 ,,
405,33,TATA Teleservice ,Jammu & Kashmir ,营运中 ,,
405,34,TATA Teleservice ,Karnataka ,营运中 ,,
405,35,TATA Teleservice ,Kerala ,营运中 ,,
405,36,TATA Teleservice ,Kolkata ,营运中 ,,
405,37,TATA Teleservice ,Maharashtra & Goa ,营运中 ,,
405,38,TATA Teleservice ,Madhya Pradesh ,营运中 ,,
405,39,TATA Teleservice ,Mumbai ,营运中 ,,
405,4,Reliance ,Chennai ,营运中 ,,
405,41,TATA Teleservice ,Orissa ,营运中 ,,
405,42,TATA Teleservice ,Punjab ,营运中 ,,
405,43,TATA Teleservice ,Rajasthan ,营运中 ,,
405,44,TATA Teleservice ,Tamil Nadu including Chennai ,营运中 ,,
405,45,TATA Teleservice ,Uttar Pradesh (E) ,营运中 ,,
405,46,TATA Teleservice ,Uttar Pradesh (W) & Uttarkhand ,营运中 ,,
405,47,TATA Teleservice ,West Bengal ,营运中 ,,
405,5,Reliance ,Delhi & NCR ,营运中 ,,
405,9,Reliance ,Jammu & Kashmir ,营运中 ,,
405,10,Reliance ,Karnataka ,营运中 ,,
405,13,Reliance ,Maharashtra & Goa ,营运中 ,,
405,51,AirTel ,West Bengal ,营运中 ,,
405,52,AirTel ,Bihar & Jharkhand ,营运中 ,,
405,54,AirTel ,Uttar Pradesh (East) ,营运中 ,,
405,55,Airtel ,Jammu & Kashmir ,营运中 ,,
405,56,AirTel ,Assam ,营运中 ,,
405,66,Vodafone IN ,Uttar Pradesh (West) ,营运中 ,,
405,70,IDEA ,Bihar & Jharkhand ,营运中 ,,
405,750,Vodafone IN ,Jammu & Kashmir ,营运中 ,,
405,751,Vodafone IN ,Assam ,营运中 ,,
405,752,Vodafone IN ,Bihar & Jharkhand ,营运中 ,,
405,753,Vodafone IN ,Orissa ,营运中 ,,
405,754,Vodafone IN ,Himachal Pradesh ,营运中 ,,
405,755,Vodafone IN ,North East ,营运中 ,,
405,756,Vodafone IN ,Madhya Pradesh & Chhattisgarh ,营运中 ,,
405,799,IDEA ,Mumbai ,营运中 ,,
405,800,AIRCEL ,Delhi & NCR ,营运中 ,,
405,801,AIRCEL ,Andhra Pradesh ,营运中 ,,
405,802,AIRCEL ,Gujarat ,非营运中 ,,
405,803,AIRCEL ,Karnataka ,营运中 ,,
405,804,AIRCEL ,Maharashtra & Goa ,营运中 ,,
405,805,AIRCEL ,Mumbai ,营运中 ,,
405,806,AIRCEL ,Rajasthan ,营运中 ,,
405,807,AIRCEL ,Haryana ,非营运中 ,,
405,808,AIRCEL ,Madhya Pradesh ,非营运中 ,,
405,809,AIRCEL ,Kerala ,营运中 ,,
405,810,AIRCEL ,Uttar Pradesh (East) ,营运中 ,,
405,811,AIRCEL ,Uttar Pradesh (West) ,营运中 ,,
405,812,AIRCEL ,Punjab ,非营运中 ,,
405,818,Uninor ,Uttar Pradesh (West) ,营运中 ,,
405,819,Uninor ,Andhra Pradesh ,营运中 ,,
405,820,Uninor ,Karnataka ,营运中 ,,
405,821,Uninor ,Kerala ,营运中 ,,
405,822,Uninor ,Kolkata ,营运中 ,,
405,824,Videocon Datacom ,Assam ,计划/保留 ,,
405,827,Videocon Datacom ,Gujarat ,营运中 ,,
405,834,Videocon Datacom ,Madhya Pradesh ,计划/保留 ,,
405,844,Uninor ,Delhi & NCR ,非营运中 ,,
405,845,IDEA ,Assam ,营运中 ,,
405,848,IDEA ,Kolkata ,营运中 ,,
405,850,IDEA ,Orissa ,营运中 ,,
405,855,Loop Mobile ,Assam ,计划/保留 ,,
405,86,IDEA ,Jammu & Kashmir ,营运中 ,,
405,864,Loop Mobile ,Kolkata ,非营运中 ,,
405,865,Loop Mobile ,Madhya Pradesh ,计划/保留 ,,
405,875,Uninor ,Assam ,计划/保留 ,,
405,880,Uninor ,West Bengal ,营运中 ,,
405,881,S Tel ,Assam ,计划/保留 ,,
405,912,Etisalat DB(cheers) ,Andhra Pradesh ,计划/保留 ,,
405,913,Etisalat DB(cheers) ,Delhi & NCR ,计划/保留 ,,
405,914,Etisalat DB(cheers) ,Gujarat ,营运中 ,,
405,917,Etisalat DB(cheers) ,Kerala ,计划/保留 ,,
405,929,Uninor ,Maharashtra ,营运中 ,,
,,,,,,
伊拉克 - IQ,,,,,,
,,,,,,
MCC ,MNC ,品牌 ,运营商 ,状态 ,,
418,5,Asia Cell ,Asia Cell Telecommunications Company ,营运中 ,,
418,8,SanaTel ,,营运中 ,,
418,20,Zain ,Zain Iraq ,营运中 ,,
418,30,Zain ,Zain Iraq ,营运中 ,,
418,40,Korek ,Korek Telecom Ltd ,营运中 ,,
418,45,Mobitel ,Mobitel Co. Ltd. ,营运中 ,,
418,92,Omnnea ,Omnnea Wireless ,营运中 ,,
,,,,,,
伊朗 - IR,,,,,,
,,,,,,
MCC ,MNC ,品牌 ,运营商 ,状态 ,,
432,11,IR-MCI ,Mobile Communications Company of Iran ,营运中 ,,
432,14,TKC ,KFZO ,营运中 ,,
432,19,MTCE ,Mobile Telecommunications Company of Esfahan ,营运中 ,,
432,32,Taliya ,Rafsanjan Industrial Complex ,营运中 ,,
432,35,Irancell ,Irancell Telecommunications Services Company ,营运中 ,,
432,70,TCI ,Telephone Communications Company of Iran ,营运中 ,,
432,93,Iraphone ,Iraphone ,营运中 ,,
,,,,,,
冰岛 - IS,,,,,,
,,,,,,
MCC ,MNC ,品牌 ,运营商 ,状态 ,,
274,1,Síminn ,Iceland Telecom ,营运中 ,,
274,2,Vodafone ,Og fjarskipti hf ,营运中 ,,
274,3,Vodafone ,Vodafone Iceland ,营运中 ,,
274,4,Viking ,IMC Island ehf ,营运中 ,,
274,6,,Núll níu ehf ,计划/保留 ,,
274,7,IceCell ,IceCell ehf ,营运中 ,,
274,8,On-waves ,Iceland Telecom ,营运中 ,,
274,11,Nova ,Nova ehf ,营运中 ,,
274,12,Tal ,Tal hf ,营运中 ,,
,,,,,,
意大利 - IT,,,,,,
,,,,,,
MCC ,MNC ,品牌 ,运营商 ,状态 ,,
222,1,TIM ,Telecom Italia SpA ,营运中 ,,
222,2,Elsacom ,,非营运中 ,,
222,7,Noverca ,,营运中 ,,
222,10,Vodafone ,Vodafone Omnitel N.V. ,营运中 ,,
222,30,RFI ,Rete Ferroviaria Italiana ,营运中 ,,
222,77,IPSE 2000 ,,非营运中 ,,
222,88,Wind ,Wind Telecomunicazioni SpA ,营运中 ,,
222,98,Blu ,,非营运中 ,,
222,99,3 Italia ,Hutchison 3G ,营运中 ,,
J,,,,,,
牙买加 - JM,,,,,,
MCC ,MNC ,品牌 ,运营商 ,状态 ,,
338,20,LIME ,Cable & Wireless ,非营运中 ,,
338,5,Digicel ,Digicel (Turks & Caicos) Limited ,营运中 ,,
338,50,Digicel ,Digicel (Jamaica) Limited ,营运中 ,,
338,70,Claro ,Oceanic Digital Jamaica Limited ,营运中 ,,
338,180,LIME ,Cable & Wireless ,营运中 ,,
,,,,,,
约旦 - JO,,,,,,
,,,,,,
MCC ,MNC ,品牌 ,运营商 ,状态 ,,
416,1,zain JO ,Jordan Mobile Telephone Services ,营运中 ,,
416,2,XPress Telecom ,,营运中 ,,
416,3,Umniah ,Umniah Mobile Company ,营运中 ,,
416,77,Orange ,Petra Jordanian Mobile Telecommunications Company (MobileCom) ,营运中 ,,
,,,,,,
日本 - JP,,,,,,
,,,,,,
MCC ,MNC ,品牌 ,运营商 ,状态 ,,
440,0,eMobile ,EMOBILE Limited ,营运中 ,,
440,1,NTT docomo ,NTT docomo ,营运中 ,,
440,2,NTT docomo ,NTT DoCoMo Kansai ,营运中 ,,
440,3,NTT docomo ,NTT DoCoMo Hokuriku ,营运中 ,,
440,4,SoftBank ,SoftBank Mobile Corp ,营运中 ,,
440,6,SoftBank ,SoftBank Mobile Corp ,营运中 ,,
440,7,KDDI ,KDDI Corporation ,营运中 ,,
440,8,KDDI ,KDDI Corporation ,营运中 ,,
440,9,NTT docomo ,NTT DoCoMo Kansai ,营运中 ,,
440,10,NTT docomo ,NTT DoCoMo Kansai ,营运中 ,,
440,11,NTT docomo ,NTT DoCoMo Tokai ,营运中 ,,
440,12,NTT docomo ,NTT DoCoMo ,营运中 ,,
440,13,NTT docomo ,NTT DoCoMo ,营运中 ,,
440,14,NTT docomo ,NTT DoCoMo Tohoku ,营运中 ,,
440,15,NTT docomo ,NTT DoCoMo ,营运中 ,,
440,16,NTT docomo ,NTT DoCoMo ,营运中 ,,
440,17,NTT docomo ,NTT DoCoMo ,营运中 ,,
440,18,NTT docomo ,NTT DoCoMo Tokai ,营运中 ,,
440,19,NTT docomo ,NTT DoCoMo Hokkaido ,营运中 ,,
440,20,SoftBank ,SoftBank Mobile Corp ,营运中 ,,
440,21,NTT docomo ,NTT DoCoMo ,营运中 ,,
440,22,NTT docomo ,NTT DoCoMo Kansai ,营运中 ,,
440,23,DoCoMo ,NTT DoCoMo Tokai ,营运中 ,,
440,24,DoCoMo ,NTT DoCoMo Chugoku ,营运中 ,,
440,25,DoCoMo ,NTT DoCoMo Hokkaido ,营运中 ,,
440,26,DoCoMo ,NTT DoCoMo Kyushu ,营运中 ,,
440,27,DoCoMo ,NTT DoCoMoTohoku ,营运中 ,,
440,28,DoCoMo ,NTT DoCoMo Shikoku ,营运中 ,,
440,29,DoCoMo ,NTT DoCoMo ,营运中 ,,
440,30,DoCoMo ,NTT DoCoMo ,营运中 ,,
440,31,DoCoMo ,NTT DoCoMo Kansai ,营运中 ,,
440,32,DoCoMo ,NTT DoCoMo ,营运中 ,,
440,33,DoCoMo ,NTT DoCoMo Tokai ,营运中 ,,
440,34,DoCoMo ,NTT DoCoMo Kyushu ,营运中 ,,
440,35,DoCoMo ,NTT DoCoMo Kansai ,营运中 ,,
440,36,DoCoMo ,NTT DoCoMo ,营运中 ,,
440,37,DoCoMo ,NTT DoCoMo ,营运中 ,,
440,38,DoCoMo ,NTT DoCoMo ,营运中 ,,
440,39,DoCoMo ,NTT DoCoMo ,营运中 ,,
440,40,SoftBank ,SoftBank Mobile Corp ,营运中 ,,
440,41,SoftBank ,SoftBank Mobile Corp ,营运中 ,,
440,42,SoftBank ,SoftBank Mobile Corp ,营运中 ,,
440,43,SoftBank ,SoftBank Mobile Corp ,营运中 ,,
440,44,SoftBank ,SoftBank Mobile Corp ,营运中 ,,
440,45,SoftBank ,SoftBank Mobile Corp ,营运中 ,,
440,46,SoftBank ,SoftBank Mobile Corp ,营运中 ,,
440,47,SoftBank ,SoftBank Mobile Corp ,营运中 ,,
440,48,SoftBank ,SoftBank Mobile Corp ,营运中 ,,
440,49,DoCoMo ,NTT DoCoMo ,营运中 ,,
440,50,KDDI ,KDDI Corporation ,营运中 ,,
440,51,KDDI ,KDDI Corporation ,营运中 ,,
440,52,KDDI ,KDDI Corporation ,营运中 ,,
440,53,KDDI ,KDDI Corporation ,营运中 ,,
440,54,KDDI ,KDDI Corporation ,营运中 ,,
440,55,KDDI ,KDDI Corporation ,营运中 ,,
440,56,KDDI ,KDDI Corporation ,营运中 ,,
440,58,DoCoMo ,NTT DoCoMo Kansai ,营运中 ,,
440,60,DoCoMo ,NTT DoCoMo Kansai ,营运中 ,,
440,61,DoCoMo ,NTT DoCoMo Chugoku ,营运中 ,,
440,62,DoCoMo ,NTT DoCoMo Kyushu ,营运中 ,,
440,63,DoCoMo ,NTT DoCoMo ,营运中 ,,
440,64,DoCoMo ,NTT DoCoMo ,营运中 ,,
440,65,DoCoMo ,NTT DoCoMo Shikoku ,营运中 ,,
440,66,DoCoMo ,NTT DoCoMo ,营运中 ,,
440,67,DoCoMo ,NTT DoCoMo Tohoku ,营运中 ,,
440,68,DoCoMo ,NTT DoCoMo Kyushu ,营运中 ,,
440,69,DoCoMo ,NTT DoCoMo ,营运中 ,,
440,70,au ,KDDI Corporation ,营运中 ,,
440,71,KDDI ,KDDI Corporation ,营运中 ,,
440,72,KDDI ,KDDI Corporation ,营运中 ,,
440,73,KDDI ,KDDI Corporation ,营运中 ,,
440,74,KDDI ,KDDI Corporation ,营运中 ,,
440,75,KDDI ,KDDI Corporation ,营运中 ,,
440,76,KDDI ,KDDI Corporation ,营运中 ,,
440,77,KDDI ,KDDI Corporation ,营运中 ,,
440,78,,Okinawa Cellular Telephone ,营运中 ,,
440,79,KDDI ,KDDI Corporation ,营运中 ,,
440,80,TU-KA ,TU-KA Cellular Tokyo ,非营运中 ,,
440,81,TU-KA ,TU-KA Cellular Tokyo ,非营运中 ,,
440,82,TU-KA ,TU-KA Phone Kansai ,非营运中 ,,
440,83,TU-KA ,TU-KA Cellular Tokai ,非营运中 ,,
440,84,TU-KA ,TU-KA Phone Kansai ,非营运中 ,,
440,85,TU-KA ,TU-KA Cellular Tokai ,非营运中 ,,
440,86,TU-KA ,TU-KA Cellular Tokyo ,非营运中 ,,
440,87,DoCoMo ,NTT DoCoMo Chugoku ,营运中 ,,
440,88,KDDI ,KDDI Corporation ,营运中 ,,
440,89,KDDI ,KDDI Corporation ,营运中 ,,
440,90,SoftBank ,SoftBank Mobile Corp ,营运中 ,,
440,92,SoftBank ,SoftBank Mobile Corp ,营运中 ,,
440,93,SoftBank ,SoftBank Mobile Corp ,营运中 ,,
440,94,SoftBank ,SoftBank Mobile Corp ,营运中 ,,
440,95,SoftBank ,SoftBank Mobile Corp ,营运中 ,,
440,96,SoftBank ,SoftBank Mobile Corp ,营运中 ,,
440,97,SoftBank ,SoftBank Mobile Corp ,营运中 ,,
440,98,SoftBank ,SoftBank Mobile Corp ,营运中 ,,
440,99,DoCoMo ,NTT DoCoMo ,营运中 ,,
K,,,,,,
肯尼亚 - KE,,,,,,
MCC ,MNC ,品牌 ,运营商 ,状态 ,,
639,2,Safaricom ,Safaricom Limited ,营运中 ,,
639,3,Airtel ,B Airtel ,营运中 ,,
639,5,yu ,Econet Wireless Kenya ,营运中 ,,
639,7,Orange Kenya ,Telkom Kenya ,营运中 ,,
,,,,,,
吉尔吉斯 - KG,,,,,,
,,,,,,
MCC ,MNC ,品牌 ,运营商 ,状态 ,,
437,1,Beeline ,Sky Mobile LLC ,营运中 ,,
437,3,Fonex ,Aktel Ltd ,营运中 ,,
437,5,MegaCom ,Alfa Telecom CJSC ,营运中 ,,
437,9,O! ,NurTelecom LLC ,营运中 ,,
,,,,,,
柬埔寨 - KH,,,,,,
,,,,,,
MCC ,MNC ,品牌 ,运营商 ,状态 ,,
456,1,Mobitel ,CamGSM ,营运中 ,,
456,2,hello ,Telekom Malaysia International (Cambodia) Co. Ltd ,营运中 ,,
456,3,,S Telecom ,计划/保留 ,,
456,4,qb ,Cambodia Advance Communications Co. Ltd ,营运中 ,,
456,5,Star-Cell ,APPLIFONE CO. LTD. ,营运中 ,,
456,6,Smart Mobile ,"Latelz Co., Ltd ",营运中 ,,
456,8,Metfone ,Viettel ,营运中 ,,
456,9,Beeline ,Sotelco Ltd. ,营运中 ,,
456,11,Seatel ,South East Asia Telecom Group ,营运中 ,,
456,18,Mfone ,Camshin / Shinawatra ,营运中 ,,
,,,,,,
基里巴斯 - KI,,,,,,
,,,,,,
MCC,MNC,品牌,运营商,状态,,
545,9,Kiribati Frigate,Telecom Services Kiribati Ltd,营运中,,
,,,,,,
科摩罗 - KM,,,,,,
,,,,,,
MCC,MNC,品牌,运营商,状态,,
654,1,,HURI - SNPT,营运中,,
,,,,,,
圣克里斯多福与尼维斯 - KN,,,,,,
,,,,,,
MCC ,MNC ,品牌 ,运营商 ,状态 ,,
356,50,Digicel ,,营运中 ,,
356,70,Chippie ,UTS ,营运中 ,,
356,110,,LIME ,营运中 ,,
,,,,,,
北朝鲜 - KP,,,,,,
,,,,,,
MCC ,MNC ,品牌 ,运营商 ,状态 ,,
467,192,Koryolink ,Cheo Technology Jv Company ,营运中 ,,
467,193,SunNet ,Korea Posts and Telecommunications Corporation ,营运中 ,,
,,,,,,
韩国 - KR,,,,,,
,,,,,,
MCC ,MNC ,品牌 ,运营商 ,状态 ,,
450,2,KT ,KT ,营运中 ,,
450,3,Power 017 ,"Shinsegi Telecom, Inc. ",非营运中 ,,
450,4,KT ,KT ,营运中 ,,
450,5,SKT ,SK Telecom ,营运中 ,,
450,6,LGU+ ,LG Telecom ,营运中 ,,
450,8,olleh ,KT ,营运中 ,,
,,,,,,
科威特 - KW,,,,,,
,,,,,,
MCC ,MNC ,品牌 ,运营商 ,状态 ,,
419,2,zain KW ,Zain Kuwait ,营运中 ,,
419,3,Wataniya ,National Mobile Telecommunications ,营运中 ,,
419,4,Viva ,Kuwait Telecommunication Company ,营运中 ,,
,,,,,,
开曼群岛 (英国) - KY,,,,,,
,,,,,,
MCC ,MNC ,品牌 ,运营商 ,状态 ,,
346,50,Digicel ,Digicel Cayman Ltd. ,营运中 ,,
346,140,LIME ,Cable & Wireless (Cayman Islands) Limited ,营运中 ,,
,,,,,,
哈萨克 - KZ,,,,,,
,,,,,,
MCC ,MNC ,品牌 ,运营商 ,状态 ,,
401,1,Beeline ,KaR-Tel LLP ,营运中 ,,
401,2,Kcell ,GSM Kazakhstan Ltd ,营运中 ,,
401,7,Dalacom ,,营运中 ,,
401,8,Kazakhtelecom ,,营运中 ,,
401,77,Mobile Telecom Service ,Mobile Telecom Service LLP ,营运中 ,,
L,,,,,,
老挝 - LA,,,,,,
MCC ,MNC ,品牌 ,运营商 ,状态 ,,
457,1,LTC ,LaoTelecom ,营运中 ,,
457,2,ETL ,Enterprise of Telecommunications Lao ,营运中 ,,
457,3,Unitel ,"Star Telecom Co., Ltd ",营运中 ,,
457,8,Tigo ,Millicom Lao Co Ltd ,营运中 ,,
,,,,,,
黎巴嫩 - LB,,,,,,
,,,,,,
MCC ,MNC ,品牌 ,运营商 ,状态 ,,
415,1,Alfa ,MIC 1 ,营运中 ,,
415,3,mtc touch ,MIC 2 ,营运中 ,,
415,5,Ogero Mobile ,Ogero Telecom ,计划/保留 ,,
,,,,,,
圣卢西亚 - LC,,,,,,
,,,,,,
MCC ,MNC ,品牌 ,运营商 ,状态 ,,
358,50,Digicel ,,不明 ,,
358,110,,Cable & Wireless ,不明 ,,
,,,,,,
列支敦士登 - LI,,,,,,
,,,,,,
MCC ,MNC ,品牌 ,运营商 ,状态 ,,
295,1,Swisscom ,Swisscom Schweiz AG ,营运中 ,,
295,2,Orange ,Orange Liechtenstein AG ,营运中 ,,
295,4,Cubic Telecom ,Cubic Telecom AG ,营运中 ,,
295,5,FL1 ,Mobilkom Liechtenstein AG ,营运中 ,,
295,77,Alpmobil ,Alpcom AG ,营运中 ,,
,,,,,,
斯里兰卡 - LK,,,,,,
,,,,,,
MCC ,MNC ,品牌 ,运营商 ,状态 ,,
413,1,Mobitel ,Sri Lanka Telecom Mobitel ,营运中 ,,
413,2,Dialog ,Dialog Axiata ,营运中 ,,
413,3,Etisalat ,Emirates Telecommunication Corporation ,营运中 ,,
413,5,Airtel ,Bharti Airtel ,营运中 ,,
413,8,Hutch ,Hutchison Telecommunications Lanka ,营运中 ,,
,,,,,,
利比里亚 - LR,,,,,,
,,,,,,
MCC ,MNC ,品牌 ,运营商 ,状态 ,,
618,1,Lonestar Cell ,Lonestar Communications Corporation ,营运中 ,,
618,2,Libercell ,Atlantic Wireless (Liberia) Inc. ,营运中 ,,
618,4,Comium ,Comium Liberia ,营运中 ,,
618,7,Cellcom ,"Cellcom Telecommunications, Inc ",营运中 ,,
618,20,LIBTELCO ,Liberia Telecommunications Corporation ,营运中 ,,
,,,,,,
莱索托 - LS,,,,,,
,,,,,,
MCC ,MNC ,品牌 ,运营商 ,状态 ,,
651,1,Vodacom ,Vodacom Lesotho (Pty) Ltd ,营运中 ,,
651,2,,Econet Ezin-cel ,营运中 ,,
,,,,,,
立陶宛 - LT,,,,,,
,,,,,,
MCC ,MNC ,品牌 ,运营商 ,状态 ,,
246,1,Omnitel ,,营运中 ,,
246,2,BITE ,UAB Bité Lietuva ,营运中 ,,
246,3,Tele 2 ,,营运中 ,,
246,5,LitRail ,Lithuanian Railways ,营运中 ,,
246,6,Mediafon ,UAB Mediafon ,营运中 ,,
,,,,,,
卢森堡 - LU,,,,,,
,,,,,,
MCC ,MNC ,品牌 ,运营商 ,状态 ,,
270,1,LuxGSM ,P&T Luxembourg ,营运中 ,,
270,77,Tango ,Tango SA ,营运中 ,,
270,99,Orange ,Orange S.A. ,营运中 ,,
,,,,,,
拉脱维亚 - LV,,,,,,
,,,,,,
MCC ,MNC ,品牌 ,运营商 ,状态 ,,
247,1,LMT ,Latvian Mobile Telephone ,营运中 ,,
247,2,Tele2 ,Tele2 ,营运中 ,,
247,3,TRIATEL ,Telekom Baltija ,营运中 ,,
247,5,Bite ,Bite Latvija ,营运中 ,,
247,6,,Rigatta ,计划/保留 ,,
247,7,MTS ,Master Telecom ,营运中 ,,
247,8,IZZI ,IZZI ,营运中 ,,
247,9,Camel Mobile ,Camel Mobile ,营运中 ,,
,,,,,,
利比亚 - LY,,,,,,
,,,,,,
MCC ,MNC ,品牌 ,运营商 ,状态 ,,
606,0,Libyana ,Libyana ,营运中 ,,
606,1,Madar ,Al-Madar Al-Jadeed ,营运中 ,,
606,2,Al-Jeel Phone ,Al-Jeel Al-Jadeed ,营运中 ,,
606,3,Libya Phone ,Libya Telecom and Technology (LTT) ,营运中 ,,
606,6,Hatef Libya ,Hatef Libya ,营运中 ,,
M,,,,,,
摩洛哥 - MA,,,,,,
MCC ,MNC ,品牌 ,运营商 ,状态 ,,
604,0,Méditel ,Medi Telecom ,营运中 ,,
604,1,IAM ,Ittissalat Al Maghrib (Maroc Telecom) ,营运中 ,,
604,2,INWI ,WANA - Groupe ONA ,营运中 ,,
,,,,,,
摩纳哥 - MC,,,,,,
,,,,,,
MCC,MNC,品牌,运营商,状态,,
212,1,Office des Telephones,Monaco Telecom,营运中,,
,,,,,,
摩尔多瓦 - MD,,,,,,
,,,,,,
MCC ,MNC ,品牌 ,运营商 ,状态 ,,
259,1,Orange ,Orange Moldova ,营运中 ,,
259,2,Moldcell ,,营运中 ,,
259,3,Unité ,Moldtelecom ,营运中 ,,
259,4,Eventis ,Eventis Telecom ,非营运中 ,,
259,5,Unité ,Moldtelecom ,营运中 ,,
259,99,Unité ,Moldtelecom ,营运中 ,,
,,,,,,
黑山共和国 - ME,,,,,,
,,,,,,
MCC ,MNC ,品牌 ,运营商 ,状态 ,,
297,1,Telenor ,Telenor Montenegro ,营运中 ,,
297,2,T-Mobile ,T-Mobile Montenegro LLC ,营运中 ,,
297,3,m:tel CG ,MTEL CG ,营运中 ,,
297,4,T-Mobile ,T-Mobile Montenegro ,营运中 ,,
,,,,,,
马达加斯加 - MG,,,,,,
,,,,,,
MCC ,MNC ,品牌 ,运营商 ,状态 ,,
646,1,Airtel ,Bharti Airtel ,营运中 ,,
646,2,Orange ,Orange Madagascar S.A. ,营运中 ,,
646,3,Sacel ,Sacel Madagascar S.A. ,营运中 ,,
646,4,Telma ,Telma Mobile S.A. ,营运中 ,,
,,,,,,
卢森堡 - MK,,,,,,
,,,,,,
MCC ,MNC ,品牌 ,运营商 ,状态 ,,
294,1,T-Mobile MK ,T-Mobile Macedonia ,营运中 ,,
294,2,ONE ,One ,营运中 ,,
294,3,Vip MK ,VIP Operator ,营运中 ,,
,,,,,,
马里共和国 - ML,,,,,,
,,,,,,
MCC ,MNC ,品牌 ,运营商 ,状态 ,,
610,1,Malitel ,Malitel SA ,营运中 ,,
610,2,Orange ,Orange Mali SA ,营运中 ,,
,,,,,,
缅甸 - MM,,,,,,
,,,,,,
MCC,MNC,品牌,运营商,状态,,
414,1,MPT,Myanmar Post and Telecommunication,营运中,,
,,,,,,
蒙古国 - MN,,,,,,
,,,,,,
MCC ,MNC ,品牌 ,运营商 ,状态 ,,
428,88,Unitel ,Unitel LLC ,营运中 ,,
428,91,Skytel ,Skytel LLC ,营运中 ,,
428,98,G.Mobile ,G-Mobile LLC ,营运中 ,,
428,99,MobiCom ,Mobicom Corporation ,营运中 ,,
,,,,,,
澳门 (中华人民共和国) - MO,,,,,,
,,,,,,
MCC ,MNC ,品牌 ,运营商 ,状态 ,,
455,0,SmarTone ,SmarTone Macao ,营运中 ,,
455,1,CTM ,C.T.M. Telemovel+ ,营运中 ,,
455,2,China Telecom ,China Telecom ,营运中 ,,
455,3,3,Hutchison Telecom ,营运中 ,,
455,4,CTM ,C.T.M. Telemovel+ ,营运中 ,,
455,5,3,Hutchison Telecom ,营运中 ,,
455,6,SmarTone ,SmarTone Macao ,不明 ,,
455,7,未知 ,未知 ,营运中 ,,
,,,,,,
马提尼克 (法国) - MQ,,,,,,
,,,,,,
MCC ,MNC ,品牌 ,运营商 ,状态 ,,
340,1,Orange ,Orange Cara?be Mobiles ,营运中 ,,
340,2,Outremer ,Outremer Telecom ,营运中 ,,
340,3,Telcell ,Saint Martin et Saint Barthelemy Telcell Sarl ,营运中 ,,
340,8,Dauphin ,Dauphin Telecom ,营运中 ,,
340,20,Digicel ,DIGICEL Antilles Fran?aise Guyane ,营运中 ,,
,,,,,,
毛里塔尼亚 - MR,,,,,,
,,,,,,
MCC ,MNC ,品牌 ,运营商 ,状态 ,,
609,1,Mattel ,Mattel ,营运中 ,,
609,2,Chinguitel ,Chinguitel ,营运中 ,,
609,10,Mauritel ,Mauritel Mobiles ,营运中 ,,
,,,,,,
马耳他 - MT,,,,,,
,,,,,,
MCC ,MNC ,品牌 ,运营商 ,状态 ,,
278,1,Vodafone ,Vodafone Malta ,营运中 ,,
278,21,GO ,Mobisle Communications Limited ,营运中 ,,
278,77,Melita ,Melita Plc ,营运中 ,,
,,,,,,
毛里求斯 - MU,,,,,,
,,,,,,
MCC ,MNC ,品牌 ,运营商 ,状态 ,,
617,1,Orange ,Cellplus Mobile Communications Ltd. ,营运中 ,,
617,2,MTML ,Mahanagar Telephone (Mauritius) Ltd. ,营运中 ,,
617,10,Emtel ,Emtel Ltd ,营运中 ,,
,,,,,,
马尔代夫 - MV,,,,,,
,,,,,,
MCC ,MNC ,品牌 ,运营商 ,状态 ,,
472,1,Dhiraagu ,Dhivehi Raajjeyge Gulhun ,营运中 ,,
472,2,Wataniya ,Wataniya Telecom Maldives ,营运中 ,,
,,,,,,
马拉维 - MW,,,,,,
,,,,,,
MCC ,MNC ,品牌 ,运营商 ,状态 ,,
650,1,TNM ,Telecom Network Malawi ,营运中 ,,
650,10,Airtel ,Bharti Airtel Limited ,营运中 ,,
,,,,,,
墨西哥 - MX,,,,,,
,,,,,,
MCC ,MNC ,品牌 ,运营商 ,状态 ,,
334,10,Nextel ,Nextel México ,营运中 ,,
334,20,Telcel ,América Móvil / Mextel ,营运中 ,,
334,30,movistar ,Pegaso Comunicaciones y Sistemas ,营运中 ,,
334,40,Iusacell / Unefon ,Iusacell / Unefon ,营运中 ,,
334,50,Iusacell ,Iusacell ,营运中 ,,
,,,,,,
马来西亚 - MY,,,,,,
,,,,,,
MCC ,MNC ,品牌 ,运营商 ,状态 ,,
502,1,ATUR 450 ,Telekom Malaysia Bhd ,营运中 ,,
502,10,,DiGi Telecommunications ,不明 ,,
502,11,TM Homeline ,Telekom Malaysia Bhd ,不明 ,,
502,12,Maxis ,Maxis Mobile Services SDN Berhad ,营运中 ,,
502,13,Celcom ,Celcom Axiata Berhad ,营运中 ,,
502,14,,Telekom Malaysia Berhad for PSTN SMS ,不明 ,,
502,150,Tune Talk ,Tune Talk Sdn Bhd ,营运中 ,,
502,151,,Baraka Telecom Sdn Bhd (MVNE) ,营运中 ,,
502,152,Yes ,YTL Communications Sdn Bhd ,营运中 ,,
502,16,DiGi ,DiGi Telecommunications ,营运中 ,,
502,17,Hotlink ,Maxis Prepaid ,营运中 ,,
502,18,TM Homeline ,Telekom Malaysia Bhd ,营运中 ,,
502,19,Celcom ,Celcom Axiata Berhad ,营运中 ,,
502,20,,Electcoms Wireless Sdn Bhd ,营运中 ,,
,,,,,,
莫桑比克 - MZ,,,,,,
,,,,,,
MCC ,MNC ,品牌 ,运营商 ,状态 ,,
643,1,mCel ,Mocambique Celular S.A. ,营运中 ,,
643,4,Vodacom ,"Vodacom Mozambique, S.A. ",营运中 ,,
N,,,,,,
纳米比亚 - NA,,,,,,
MCC ,MNC ,品牌 ,运营商 ,状态 ,,
649,1,MTC ,MTC Namibia ,营运中 ,,
649,2,switch ,Telecom Namibia ,营运中 ,,
649,3,Leo ,Orascom Telecom Holding ,营运中 ,,
,,,,,,
新喀里多尼亚 (法国) - NC,,,,,,
,,,,,,
MCC,MNC,品牌,运营商,状态,,
546,1,Mobilis,OPT New Caledonia,营运中,,
,,,,,,
尼日 - NE,,,,,,
,,,,,,
MCC ,MNC ,品牌 ,运营商 ,状态 ,,
614,1,SahelCom ,,营运中 ,,
614,2,Airtel ,Bharti Airtel Limited ,营运中 ,,
614,3,Telecel ,Telecel Niger SA ,营运中 ,,
614,4,Orange ,Orange Niger ,营运中 ,,
,,,,,,
尼日利亚 - NG,,,,,,
,,,,,,
MCC ,MNC ,品牌 ,运营商 ,状态 ,,
621,20,Airtel ,Bharti Airtel Limited ,营运中 ,,
621,25,Visafone ,Visafone Communications Ltd. ,营运中 ,,
621,30,MTN ,MTN Nigeria Communications Limited ,营运中 ,,
621,40,M-Tel ,Nigerian Mobile Telecommunications Limited ,营运中 ,,
621,50,Glo ,Globacom Ltd ,营运中 ,,
621,60,Etisalat ,Emerging Markets Telecommunication Services Ltd (Etisalat) ,营运中 ,,
,,,,,,
尼加拉瓜 - NI,,,,,,
,,,,,,
MCC ,MNC ,品牌 ,运营商 ,状态 ,,
710,21,Claro ,"Empresa Nicaragüense de Telecomunicaciones, S.A. ",营运中 ,,
710,30,movistar ,Telefónica Móviles de Nicaragua S.A. ,营运中 ,,
710,73,SERCOM ,Servicios de Comunicaciones S.A. ,营运中 ,,
,,,,,,
荷兰 - NL,,,,,,
,,,,,,
MCC ,MNC ,品牌 ,运营商 ,状态 ,,
204,1,,VastMobiel B.V. ,非营运中 ,,
204,2,Tele2 ,Tele2 Nederland B.V. ,营运中 ,,
204,3,,Voiceworks B.V. ,不明 ,,
204,4,Vodafone ,Vodafone Libertel B.V. ,营运中 ,,
204,5,,Elephant Talk Communications Premium Rate Services ,不明 ,,
204,6,,Mundio Mobile (Netherlands) Ltd ,不明 ,,
204,7,,Teleena (MVNE) ,营运中 ,,
204,8,KPN ,KPN Mobile The Netherlands B.V. ,营运中 ,,
204,9,Lycamobile ,Lycamobile Netherlands Limited ,不明 ,,
204,10,KPN ,KPN B.V. ,营运中 ,,
204,12,Telfort ,KPN Mobile The Netherlands B.V. ,营运中 ,,
204,13,,Unica Installatietechniek B.V. ,不明 ,,
204,14,6Gmobile ,6GMOBILE B.V. ,营运中 ,,
204,15,,Ziggo B.V. ,不明 ,,
204,16,T-Mobile ,T-Mobile Netherlands B.V ,营运中 ,,
204,17,Intercity Zakelijk ,Intercity Mobile Communications B.V. ,营运中 ,,
204,18,,UPC Nederland B.V. ,不明 ,,
204,19,,Mixe Communication Solutions B.V. ,不明 ,,
204,20,T-Mobile ,T-Mobile Netherlands B.V ,营运中 ,,
204,21,,ProRail B.V. ,营运中 ,,
204,22,,Ministerie van Defensie ,不明 ,,
204,23,,ASPIDER Solutions Nederland B.V. ,营运中 ,,
204,24,,Private Mobility Nederland B.V. ,不明 ,,
204,25,,CapX B.V. ,营运中 ,,
204,26,,SpeakUp B.V. ,不明 ,,
204,27,,Breezz Nederland B.V. ,不明 ,,
204,67,,RadioAccess B.V. ,营运中 ,,
204,68,,Unify Group Holding B.V. ,不明 ,,
204,69,,KPN Mobile The Netherlands B.V. ,不明 ,,
,,,,,,
挪威 - NO,,,,,,
,,,,,,
MCC ,MNC ,品牌 ,运营商 ,状态 ,,
242,1,Telenor ,,营运中 ,,
242,2,NetCom ,NetCom GSM ,营运中 ,,
242,3,Teletopia ,Teletopia ,非营运中 ,,
242,4,Tele2 ,Mobile Norway AS ,营运中 ,,
242,5,Network Norway ,Mobile Norway AS ,营运中 ,,
242,6,Ice ,Nordisk Mobiltelefon ,营运中 ,,
242,7,Ventelo ,Ventelo AS ,营运中 ,,
242,8,TDC ,TDC Mobil AS ,营运中 ,,
242,9,Com4 ,Com4 AS ,营运中 ,,
242,11,SystemNet ,SystemNet AS ,不明 ,,
242,20,,Jernbaneverket AS ,营运中 ,,
242,23,Lyca ,Lyca Mobile Ltd ,营运中 ,,
,,,,,,
尼泊尔 - NP,,,,,,
,,,,,,
MCC ,MNC ,品牌 ,运营商 ,状态 ,,
429,1,Namaste / NT Mobile ,Nepal Telecom ,营运中 ,,
429,2,Ncell ,Ncell Pvt. Ltd. Spice Nepal ,营运中 ,,
429,3,Sky/C-Phone ,Nepal Telecom ,营运中 ,,
429,4,SmartCell ,Smart Telecom Pvt. Ltd. ,营运中 ,,
,,,,,,
瑙鲁 - NR,,,,,,
,,,,,,
MCC,MNC,品牌,运营商,状态,,
536,2,Digicel,Digicel (Nauru) Corporation,营运中,,
,,,,,,
纽埃 - NU,,,,,,
,,,,,,
MCC,MNC,品牌,运营商,状态,,
555,1,Telecom Niue,Telecom Niue,营运中,,
,,,,,,
新西兰 - NZ,,,,,,
,,,,,,
MCC ,MNC ,品牌 ,运营商 ,状态 ,,
530,0,Telecom ,Telecom New Zealand ,非营运中 ,,
530,1,Vodafone ,Vodafone New Zealand ,营运中 ,,
530,2,Telecom ,Telecom New Zealand ,营运中 ,,
530,3,Woosh ,Woosh Wireless New Zealand ,营运中 ,,
530,4,TelstraClear ,TelstraClear New Zealand ,非营运中 ,,
530,5,XT Mobile Network ,Telecom New Zealand ,营运中 ,,
530,6,Skinny ,Telecom New Zealand ,营运中 ,,
530,24,2degrees ,2degrees ,营运中 ,,
O,,,,,,
阿曼 - OM,,,,,,
MCC ,MNC ,品牌 ,运营商 ,状态 ,,
422,2,Oman Mobile ,Oman Telecommunications Company ,营运中 ,,
422,3,Nawras ,Omani Qatari Telecommunications Company SAOC ,营运中 ,,
P,,,,,,
巴拿马 - PA,,,,,,
MCC ,MNC ,品牌 ,运营商 ,状态 ,,
714,1,Cable & Wireless ,Cable & Wireless Panama S.A. ,营运中 ,,
714,2,movistar ,"Telefonica Moviles Panama S.A, Bell South Corp. (BSC) ",营运中 ,,
714,3,Claro ,América Móvil ,营运中 ,,
714,4,Digicel ,Digicel Group ,营运中 ,,
,,,,,,
秘鲁 - PE,,,,,,
,,,,,,
MCC ,MNC ,品牌 ,运营商 ,状态 ,,
716,6,Movistar ,Telefónica Móviles Perú ,营运中 ,,
716,7,NEXTEL ,NII Holdings ,营运中 ,,
716,10,Claro ,América Móvil Perú ,营运中 ,,
,,,,,,
法属波利尼西亚 (法国) - PF,,,,,,
,,,,,,
MCC,MNC,品牌,运营商,状态,,
547,20,Vini,Tikiphone SA,营运中,,
,,,,,,
巴布亚新几内亚 - PG,,,,,,
,,,,,,
MCC ,MNC ,品牌 ,运营商 ,状态 ,,
537,1,B-Mobile ,Pacific Mobile Communications ,营运中 ,,
537,3,Digicel ,Digicel PNG ,营运中 ,,
,,,,,,
菲律宾 - PH,,,,,,
,,,,,,
MCC ,MNC ,品牌 ,运营商 ,状态 ,,
515,1,Islacom ,Globe Telecom via Innove Communications ,非营运中 ,,
515,2,Globe ,Globe Telecom ,营运中 ,,
515,3,Smart ,PLDT via Smart Communications ,营运中 ,,
515,5,Sun ,Digital Telecommunications Philippines ,营运中 ,,
515,11,,PLDT via ACeS Philippines ,不明 ,,
515,18,Cure ,PLDT via Smarts Connectivity Unlimited Resources Enterprise ,营运中 ,,
515,88,,Nextel ,不明 ,,
,,,,,,
巴基斯坦 - PK,,,,,,
,,,,,,
MCC ,MNC ,品牌 ,运营商 ,状态 ,,
410,1,Mobilink ,Mobilink-PMCL ,营运中 ,,
410,3,Ufone ,Pakistan Telecommunication Mobile Ltd ,营运中 ,,
410,4,Zong ,China Mobile ,营运中 ,,
410,6,Telenor ,Telenor Pakistan ,营运中 ,,
410,7,Warid ,WaridTel ,营运中 ,,
,,,,,,
波兰 - PL,,,,,,
,,,,,,
MCC ,MNC ,品牌 ,运营商 ,状态 ,,
260,1,Plus ,Polkomtel S.A. ,营运中 ,,
260,2,T-Mobile ,Polska Telefonia Cyfrowa Sp. z o.o. ,营运中 ,,
260,3,Orange ,Polska Telefonia Komórkowa Centertel Sp. z o.o. ,营运中 ,,
260,4,,not in use ,非营运中 ,,
260,5,,Polska Telefonia Komórkowa Centertel Sp. z o.o. ,营运中 ,,
260,6,Play ,P4 Sp. z o.o. ,营运中 ,,
260,7,Netia ,Netia S.A. ,营运中 ,,
260,8,,E-Telko Sp. z o.o. ,非营运中 ,,
260,9,,Telekomunikacja Kolejowa Sp. z o.o. ,非营运中 ,,
260,10,Sferia ,Sferia S.A. ,营运中 ,,
260,11,Nordisk Polska ,Nordisk Polska Sp. z o.o. ,营运中 ,,
260,12,Cyfrowy Polsat ,Cyfrowy Polsat S.A. ,营运中 ,,
260,15,CenterNet ,CenterNet S.A. ,营运中 ,,
260,16,Mobyland ,Mobyland Sp. z o.o. ,营运中 ,,
260,17,Aero2 ,Aero 2 Sp. z o.o. ,营运中 ,,
,,,,,,
圣皮耶与密克隆群岛 (法国) - PM,,,,,,
,,,,,,
MCC,MNC,品牌,运营商,状态,,
308,1,Ameris,St. Pierre-et-Miquelon Télécom,营运中,,
,,,,,,
波多黎各 (美国) - PR,,,,,,
,,,,,,
MCC ,MNC ,品牌 ,运营商 ,状态 ,,
330,0,Open Mobile ,PR Wireless ,营运中 ,,
330,110,Claro ,Puerto Rico Telephone Company ,营运中 ,,
,,,,,,
巴勒斯坦 - PS,,,,,,
,,,,,,
MCC ,MNC ,品牌 ,运营商 ,状态 ,,
425,1,Orange ,Partner Communications Company Ltd ,营运中 ,,
425,2,Cellcom ,,营运中 ,,
425,3,Pelephone ,,营运中 ,,
425,5,Jawwal ,"Palestine Cellular Communications, Ltd. ",营运中 ,,
425,6,Wataniya ,Wataniya Palestine Mobile Telecommunications Company ,营运中 ,,
425,77,Mirs ,,营运中 ,,
,,,,,,
葡萄牙 - PT,,,,,,
,,,,,,
MCC ,MNC ,品牌 ,运营商 ,状态 ,,
268,1,Vodafone ,Vodafone Portugal ,营运中 ,,
268,3,Optimus ,"Sonaecom C Servi?os de Comunica??es, S.A. ",营运中 ,,
268,6,TMN ,Telecomunica??es Móveis Nacionais ,营运中 ,,
268,21,Zapp ,Zapp Portugal ,营运中 ,,
,,,,,,
帕劳 - PW,,,,,,
,,,,,,
MCC ,MNC ,品牌 ,运营商 ,状态 ,,
552,1,PNCC ,Palau National Communications Corp. ,营运中 ,,
552,80,Palau Mobile ,Palau Mobile Corporation ,营运中 ,,
,,,,,,
巴拉圭 - PY,,,,,,
,,,,,,
MCC ,MNC ,品牌 ,运营商 ,状态 ,,
744,1,VOX ,Hola Paraguay S.A ,营运中 ,,
744,2,Claro ,AMX Paraguay S.A. ,营运中 ,,
744,4,Tigo ,Telefonica Celular Del Paraguay S.A. (Telecel) ,营运中 ,,
744,5,Personal ,Núcleo S.A ,营运中 ,,
744,6,Copaco ,Copaco S.A. ,营运中 ,,
Q,,,,,,
卡达 - QA,,,,,,
MCC ,MNC ,品牌 ,运营商 ,状态 ,,
427,1,Qtel ,Qtel ,营运中 ,,
427,2,Vodafone ,Vodafone Qatar ,营运中 ,,
427,5,Ministry of Interior ,Ministry of Interior ,营运中 ,,
R,,,,,,
留尼汪 (法国) - RE,,,,,,
MCC ,MNC ,品牌 ,运营商 ,状态 ,,
647,0,Orange ,Orange La Réunion ,营运中 ,,
647,2,Outremer ,Outremer Telecom ,营运中 ,,
647,10,SFR Reunion ,Societe Reunionnaise de Radiotelephone ,营运中 ,,
,,,,,,
罗马尼亚 - RO,,,,,,
,,,,,,
MCC ,MNC ,品牌 ,运营商 ,状态 ,,
226,1,Vodafone ,Vodafone Rom?nia ,营运中 ,,
226,2,Romtelecom ,Romtelecom ,营运中 ,,
226,3,Cosmote ,Cosmote Rom?nia ,营运中 ,,
226,4,Cosmote ,Cosmote Rom?nia ,营运中 ,,
226,5,Digi.Mobil ,RCS&RDS ,营运中 ,,
226,6,Cosmote ,Cosmote Rom?nia ,营运中 ,,
226,10,Orange ,Orange Rom?nia ,营运中 ,,
226,11,Enigma-System ,Enigma-System ,非营运中 ,,
,,,,,,
塞尔维亚共和国 - RS,,,,,,
,,,,,,
MCC ,MNC ,品牌 ,运营商 ,状态 ,,
220,1,Telenor ,Telenor Serbia ,营运中 ,,
220,2,Telenor ,Telenor Montenegro ,营运中 ,,
220,3,mt:s ,Telekom Srbija ,营运中 ,,
220,5,VIP ,VIP Mobile ,营运中 ,,
,,,,,,
俄罗斯 - RU,,,,,,
,,,,,,
MCC ,MNC ,品牌 ,运营商 ,状态 ,,
250,1,MTS ,Mobile TeleSystems ,营运中 ,,
250,2,MegaFon ,MegaFon OJSC――以前被称为西北GSM ,营运中 ,,
250,3,NCC ,Nizhegorodskaya Cellular Communications ,营运中 ,,
250,4,Sibchallenge ,Sibchallenge ,非营运中 ,,
250,5,ETK ,Yeniseytelecom ,营运中 ,,
250,6,Skylink ,CJSC Saratov System of Cellular Communications ,营运中 ,,
250,7,SMARTS ,Zao SMARTS ,营运中 ,,
250,9,Skylink ,Khabarovsky Cellular Phone ,营运中 ,,
250,10,DTC ,Dontelekom ,非营运中 ,,
250,11,Yota ,Scartel ,营运中 ,,
250,12,Akos ,,营运中 ,,
250,13,KUGSM ,Kuban GSM ,非营运中 ,,
250,15,SMARTS ,"SMARTS Ufa, SMARTS Uljanovsk ",营运中 ,,
250,16,NTC ,New Telephone Company ,营运中 ,,
250,17,Utel ,JSC Uralsvyazinform ,营运中 ,,
250,19,INDIGO ,INDIGO ,非营运中 ,,
250,20,Tele2 ,Tele2 ,营运中 ,,
250,23,Mobicom - Novosibirsk ,Mobicom - Novosibirsk ,非营运中 ,,
250,28,Beeline ,Beeline ,非营运中 ,,
250,30,Megafon ,Ostelecom ,营运中 ,,
250,35,MOTIV ,MOTIV ,营运中 ,,
250,38,Tambov GSM ,Central Telecommunication Company ,营运中 ,,
250,39,Utel ,Uralsvyazinform ,营运中 ,,
250,44,,Stavtelesot / North Caucasian GSM ,非营运中 ,,
250,92,,Primtelefon ,非营运中 ,,
250,93,,Telecom XXI ,非营运中 ,,
250,99,Beeline ,OJSC Vimpel-Communications ,营运中 ,,
,,,,,,
卢旺达 - RW,,,,,,
,,,,,,
MCC ,MNC ,品牌 ,运营商 ,状态 ,,
635,10,MTN ,MTN Rwandacell SARL ,营运中 ,,
635,12,Rwandatel ,Rwandatel S.A. ,非营运中 ,,
635,13,Tigo ,TIGO RWANDA S.A ,营运中 ,,
S,,,,,,
沙特阿拉伯 - SA,,,,,,
MCC ,MNC ,品牌 ,运营商 ,状态 ,,
420,1,Al Jawal ,Saudi Telecom Company ,营运中 ,,
420,3,Mobily ,Etihad Etisalat Company ,营运中 ,,
420,4,Zain SA ,Zain Saudi Arabia ,营运中 ,,
,,,,,,
所罗门群岛 - SB,,,,,,
,,,,,,
MCC,MNC,品牌,运营商,状态,,
540,1,BREEZE,Solomon Telekom Co Ltd,营运中,,
,,,,,,
塞舌尔 - SC,,,,,,
,,,,,,
MCC ,MNC ,品牌 ,运营商 ,状态 ,,
633,1,Cable & Wireless ,Cable & Wireless Seychelles ,营运中 ,,
633,2,Mediatech International ,Mediatech International ,营运中 ,,
633,10,Airtel ,Telecom Seychelles Ltd ,营运中 ,,
,,,,,,
苏丹 - SD,,,,,,
,,,,,,
MCC ,MNC ,品牌 ,运营商 ,状态 ,,
634,1,Zain SD ,Zain Group - Sudan ,营运中 ,,
634,2,MTN ,MTN Sudan ,营运中 ,,
634,5,Vivacell ,Wawat Securities ,营运中 ,,
634,7,Sudani One ,Sudatel Group ,营运中 ,,
,,,,,,
瑞典 - SE,,,,,,
,,,,,,
MCC ,MNC ,品牌 ,运营商 ,状态 ,,
240,1,Telia ,SwedenTeliaSonera ,营运中 ,,
240,2,3,Hutchison 3G ,营运中 ,,
240,3,Ice.net ,Nordisk Mobiltelefon ,营运中 ,,
240,4,,3G Infrastructure Services ,营运中 ,,
240,5,Sweden 3G ,Svenska UMTS-N?t ,营运中 ,,
240,6,Telenor ,Telenor Sweden ,营运中 ,,
240,7,Tele2 ,Tele2 Sweden ,营运中 ,,
240,8,Telenor ,Telenor Sweden ,营运中 ,,
240,9,djuice ,Telenor Sweden ,营运中 ,,
240,10,Spring Mobil ,Tele2 ,营运中 ,,
240,11,,Lindholmen Science Park ,不明 ,,
240,12,,Barablu Mobile Scandinavia ,不明 ,,
240,13,,Ventelo Sverige ,不明 ,,
240,14,,TDC Mobil ,营运中 ,,
240,15,,Wireless Maingate Nordic ,不明 ,,
240,16,,42IT ,营运中 ,,
240,17,Gotanet ,G?talandsn?tet ,不明 ,,
240,20,,Wireless Maingate Message Services ,营运中 ,,
240,21,MobiSir ,Trafikverket (formerly Banverket) ,营运中 ,,
240,24,Sweden 2G ,Net4Mobility ,营运中 ,,
240,25,,DigiTelMobile ,不明 ,,
240,26,,Beepsend ,营运中 ,,
240,33,,Mobile Arts AB ,不明 ,,
,,,,,,
新加坡 - SG,,,,,,
,,,,,,
MCC ,MNC ,品牌 ,运营商 ,状态 ,,
525,1,SingTel ,Singapore Telecom ,营运中 ,,
525,2,SingTel-G18 ,Singapore Telecom ,营运中 ,,
525,3,M1 ,MobileOne Asia ,营运中 ,,
525,5,StarHub ,StarHub Mobile ,营运中 ,,
525,12,,Digital Trunked Radio Network ,营运中 ,,
,,,,,,
斯洛文尼亚 - SI,,,,,,
,,,,,,
MCC ,MNC ,品牌 ,运营商 ,状态 ,,
293,40,Si.mobil ,SI.MOBIL d.d. ,营运中 ,,
293,41,D3 Mobile ,Dukagjini ,营运中 ,,
293,64,T-2 ,T-2 d.o.o. ,营运中 ,,
293,70,Tu?mobil ,Tu?mobil d.o.o. ,营运中 ,,
,,,,,,
斯洛伐克 - SK,,,,,,
,,,,,,
MCC ,MNC ,品牌 ,运营商 ,状态 ,,
231,1,Orange ,Orange Slovensko ,营运中 ,,
231,2,T-Mobile ,T-Mobile Slovensko ,营运中 ,,
231,3,,Unient Communications ,不明 ,,
231,4,T-Mobile ,T-Mobile Slovensko ,营运中 ,,
231,99,?SR ,?eleznice Slovenskej Republiky ,营运中 ,,
,,,,,,
狮子山共和国 - SL,,,,,,
,,,,,,
MCC ,MNC ,品牌 ,运营商 ,状态 ,,
619,1,Airtel ,Bharti Airtel Limited ,营运中 ,,
619,2,Tigo ,Millicom (SL) Limited ,不明 ,,
619,3,Africell ,Lintel Sierra Leone Limited ,营运中 ,,
619,4,Comium ,Comium Sierra leone INC ,营运中 ,,
619,5,Africell ,Lintel Sierra Leone Limited ,营运中 ,,
619,25,Mobitel ,Mobitel ,营运中 ,,
,,,,,,
圣马力诺 - SM,,,,,,
,,,,,,
MCC,MNC,品牌,运营商,状态,,
292,1,PRIMA,San Marino Telecom,营运中,,
,,,,,,
塞内加尔 - SN,,,,,,
,,,,,,
MCC ,MNC ,品牌 ,运营商 ,状态 ,,
608,1,Orange ,Sonatel ,营运中 ,,
608,2,Tigo ,Millicom International Cellular S.A. ,营运中 ,,
608,3,Expresso ,Sudatel ,营运中 ,,
,,,,,,
索马里 - SO,,,,,,
,,,,,,
MCC ,MNC ,品牌 ,运营商 ,状态 ,,
637,1,Telesom ,Telesom ,营运中 ,,
637,4,Somafone ,Somafone FZLLC ,营运中 ,,
637,10,Nationlink ,NationLink Telecom ,营运中 ,,
637,25,Hormuud ,Hormuud Telecom Somalia Inc ,营运中 ,,
637,30,Golis ,Golis Telecom Somalia ,营运中 ,,
637,60,Nationlink Telecom ,Nationlink Telecom ,营运中 ,,
637,82,Telcom ,Telcom Somalia ,营运中 ,,
,,,,,,
苏里南 - SR,,,,,,
,,,,,,
MCC ,MNC ,品牌 ,运营商 ,状态 ,,
746,2,Telesur ,Telecommunications Company Suriname (Telesur) ,营运中 ,,
746,3,Digicel ,Digicel Group Limited ,营运中 ,,
746,4,Uniqa ,Intelsur N.V. / UTS N.V. ,营运中 ,,
,,,,,,
圣多美普林西比 - ST,,,,,,
,,,,,,
MCC,MNC,品牌,运营商,状态,,
626,1,CSTmovel,Companhia Santomese de Telecomunica??e,营运中,,
,,,,,,
萨尔瓦多 - SV,,,,,,
,,,,,,
MCC ,MNC ,品牌 ,运营商 ,状态 ,,
706,1,CTE Telecom Personal ,CTE Telecom Personal SA de CV ,营运中 ,,
706,2,digicel ,Digicel Group ,营运中 ,,
706,3,Tigo ,Telemovil EL Salvador S.A. ,营运中 ,,
706,4,movistar ,Telefónica Móviles El Salvador ,营运中 ,,
706,11,Claro ,América Móvil ,营运中 ,,
,,,,,,
叙利亚 - SY,,,,,,
,,,,,,
MCC ,MNC ,品牌 ,运营商 ,状态 ,,
417,1,Syriatel ,Syriatel Mobile Telecom ,营运中 ,,
417,2,MTN ,MTN Syria ,营运中 ,,
,,,,,,
斯威士兰 - SZ,,,,,,
,,,,,,
MCC,MNC,品牌,运营商,状态,,
653,10,,Swazi MTN,营运中,,
T,,,,,,
土克凯可群岛 (英国) - TC,,,,,,
MCC ,MNC ,品牌 ,运营商 ,状态 ,,
376,350,C&W ,Cable & Wireless West Indies Ltd (Turks & Caicos) ,不明 ,,
376,352,Islandcom ,Islandcom Telecommunications ,不明 ,,
,,,,,,
查德 - TD,,,,,,
,,,,,,
MCC ,MNC ,品牌 ,运营商 ,状态 ,,
622,1,Airtel ,Bharti Airtel SA ,营运中 ,,
622,2,TAWALI ,,营运中 ,,
622,3,,TIGO - Millicom ,营运中 ,,
622,4,Salam ,Sotel Mobile ,营运中 ,,
,,,,,,
多哥 - TG,,,,,,
,,,,,,
MCC ,MNC ,品牌 ,运营商 ,状态 ,,
615,1,Togo Cell ,Togo Telecom ,营运中 ,,
615,3,Moov ,Moov Togo ,营运中 ,,
,,,,,,
泰国 - TH,,,,,,
,,,,,,
MCC ,MNC ,品牌 ,运营商 ,状态 ,,
520,0,my CAT 3G+ ,CAT Telecom ,营运中 ,,
520,1,AIS ,Advanced Info Service ,营运中 ,,
520,2,CAT CDMA ,CAT Telecom ,营运中 ,,
520,10,?? ,WCS IQ ,不明 ,,
520,15,TOT 3G ,Telephone Organization of Thailand (TOT) ,营运中 ,,
520,18,dtac ,Total Access Communication ,营运中 ,,
520,23,AIS GSM 1800 ,Digital Phone (AIS) ,营运中 ,,
520,88,True Move H ,True Corporation ,营运中 ,,
520,99,True Move ,True Corporation ,营运中 ,,
,,,,,,
塔吉克 - TJ,,,,,,
,,,,,,
MCC ,MNC ,品牌 ,运营商 ,状态 ,,
436,1,Tcell ,JV Somoncom ,营运中 ,,
436,2,Tcell ,Indigo Tajikistan ,营运中 ,,
436,3,MLT ,TT Mobile ,营运中 ,,
436,4,Babilon-M ,Babilon-Mobile ,营运中 ,,
436,5,Beeline ,Vimpelcom ,营运中 ,,
436,12,Tcell ,Indigo ,不明 ,,
,,,,,,
东帝汶 - TL,,,,,,
,,,,,,
MCC,MNC,品牌,运营商,状态,,
514,2,,Timor Telecom,营运中,,
,,,,,,
土库曼 - TM,,,,,,
,,,,,,
MCC ,MNC ,品牌 ,运营商 ,状态 ,,
438,1,MTS ,Barash Communication Technologies ,营运中 ,,
438,2,TM-Cell ,Altyn Asyr ,营运中 ,,
,,,,,,
突尼斯 - TN,,,,,,
,,,,,,
MCC ,MNC ,品牌 ,运营商 ,状态 ,,
605,1,Orange ,Orange Tunisie ,营运中 ,,
605,2,Tunicell ,Tunisie Telecom ,营运中 ,,
605,3,Tunisiana ,Orascom Telecom Tunisie ,营运中 ,,
,,,,,,
东加 - TO,,,,,,
,,,,,,
MCC ,MNC ,品牌 ,运营商 ,状态 ,,
539,1,,Tonga Communications Corporation ,营运中 ,,
539,43,,Shoreline Communication ,营运中 ,,
539,88,Digicel ,,营运中 ,,
,,,,,,
土耳其 - TR,,,,,,
,,,,,,
MCC ,MNC ,品牌 ,运营商 ,状态 ,,
286,1,Turkcell ,Turkcell Iletisim Hizmetleri A.S. ,营运中 ,,
286,2,Vodafone ,Vodafone Turkey ,营运中 ,,
286,3,Avea ,,营运中 ,,
286,4,,Aycell ,非营运中 ,,
,,,,,,
特立尼达和多巴哥 - TT,,,,,,
,,,,,,
MCC ,MNC ,品牌 ,运营商 ,状态 ,,
374,12,bmobile ,TSTT ,营运中 ,,
374,130,Digicel ,Digicel (Trinidad & Tobago) Limited ,营运中 ,,
,,,,,,
台湾 - TW,,,,,,
,,,,,,
MCC ,MNC ,品牌 ,运营商 ,状态 ,,
466,1,远传电信 ,远传电信股份有限公司 ,营运中 ,,
466,5,亚太电信 ,亚太电信股份有限公司 ,营运中 ,,
466,6,东荣电信 ,东荣国际电信 ,非营运中 ,,
466,11,中华电信 ,中华电信股份有限公司长途与移动通信分公司 ,营运中 ,,
466,12,国电子 ,国电子 ,营运中 ,,
466,88,和信电讯 ,和信电讯 ,非营运中 ,,
466,89,威宝电信 ,威宝电信股份有限公司 ,营运中 ,,
466,92,中华电信 ,中华电信股份有限公司 ,营运中 ,,
466,93,东信电讯 ,东信电讯股份有限公司 ,非营运中 ,,
466,97,台湾大哥大 ,台湾大哥大股份有限公司 ,营运中 ,,
466,99,泛亚电信 ,泛亚电信股份有限公司 ,非营运中 ,,
,,,,,,
坦桑尼亚 - TZ,,,,,,
,,,,,,
MCC ,MNC ,品牌 ,运营商 ,状态 ,,
640,2,tiGO ,MIC Tanzania Limited ,营运中 ,,
640,3,Zantel ,Zanzibar Telecom Ltd ,营运中 ,,
640,4,Vodacom ,Vodacom Tanzania Limited ,营运中 ,,
640,5,Airtel ,Bharti Airtel ,营运中 ,,
640,6,Sasatel ,Dovetel Limited ,营运中 ,,
640,7,TTCL Mobile ,Tanzania Telecommunication Company LTD (TTCL) ,营运中 ,,
640,8,Benson Online (BOL) ,Benson Informatics Limited ,营运中 ,,
640,9,Hits ,ExcellentCom Tanzania Limited ,计划/保留 ,,
640,11,SmileCom ,Smile Telecoms Holdings Ltd. ,营运中 ,,
U,,,,,,
乌克兰 - UA,,,,,,
MCC ,MNC ,品牌 ,运营商 ,状态 ,,
255,1,MTS ,Ukrainian Mobile Communications ,营运中 ,,
255,2,Beeline ,Ukrainian Radio Systems ,营运中 ,,
255,3,Kyivstar ,Kyivstar GSM JSC ,营运中 ,,
255,4,IT ,Intertelecom ,营运中 ,,
255,5,Golden Telecom ,Golden Telecom ,营运中 ,,
255,6,life:) ,Astelit ,营运中 ,,
255,7,Ukrtelecom ,Ukrtelecom ,营运中 ,,
255,21,PEOPLEnet ,Telesystems of Ukraine ,营运中 ,,
255,23,CDMA Ukraine ,ITC ,营运中 ,,
,,,,,,
乌干达 - UG,,,,,,
,,,,,,
MCC ,MNC ,品牌 ,运营商 ,状态 ,,
641,1,Airtel ,Bharti Airtel ,营运中 ,,
641,10,MTN ,MTN Uganda ,营运中 ,,
641,11,UTL ,Uganda Telecom Ltd. ,营运中 ,,
641,14,Orange ,Orange Uganda ,营运中 ,,
641,22,Warid Telecom ,Warid Telecom ,营运中 ,,
,,,,,,
美国 - US,,,,,,
,,,,,,
MCC ,MNC ,品牌 ,运营商 ,状态 ,,
310,4,Verizon ,Verizon Wireless ,营运中 ,,
310,5,Verizon ,Verizon Wireless ,营运中 ,,
310,10,,MCI ,非营运中 ,,
310,12,Verizon ,Verizon Wireless ,营运中 ,,
310,13,MobileTel ,,不明 ,,
310,14,,Testing ,营运中 ,,
310,16,,Cricket Communications ,营运中 ,,
310,17,,North Sight Communications Inc. ,营运中 ,,
310,20,,Union Telephone Company ,营运中 ,,
310,26,T-Mobile ,,营运中 ,,
310,30,Centennial ,Centennial Communications ,营运中 ,,
310,32,IT&E Wireless ,"IT&E Overseas, Inc ",营运中 ,,
310,33,,Guam Telephone Authority ,不明 ,,
310,34,Airpeak ,,营运中 ,,
310,40,Concho ,"Concho Cellular Telephone Co., Inc. ",营运中 ,,
310,46,SIMMETRY ,TMP Corp ,营运中 ,,
310,53,,Virgin Mobile US ,营运中 ,,
310,54,,Alltel US ,营运中 ,,
310,60,,Consolidated Telcom ,营运中 ,,
310,66,,U.S. Cellular ,营运中 ,,
310,70,,Highland Cellular ,营运中 ,,
310,80,Corr ,Corr Wireless Communications LLC ,营运中 ,,
310,90,AT&T ,AT&T Mobility ,营运中 ,,
310,100,Plateau Wireless ,New Mexico RSA 4 East Ltd. Partnership ,营运中 ,,
310,110,PTI Pacifica ,PTI Pacifica Inc. ,营运中 ,,
310,120,Sprint ,,营运中 ,,
310,140,mPulse ,GTA Wireless ,营运中 ,,
310,150,AT&T ,AT&T Mobility ,非营运中 ,,
310,160,,T-Mobile ,非营运中 ,,
310,170,,T-Mobile ,非营运中 ,,
310,180,West Central ,West Central Wireless ,营运中 ,,
310,190,Dutch Harbor ,"Alaska Wireless Communications, LLC ",营运中 ,,
310,200,,T-Mobile ,非营运中 ,,
310,210,,T-Mobile ,非营运中 ,,
310,220,,T-Mobile ,非营运中 ,,
310,230,,T-Mobile ,非营运中 ,,
310,240,,T-Mobile ,非营运中 ,,
310,250,,T-Mobile ,非营运中 ,,
310,260,,T-Mobile ,营运中 ,,
310,270,,T-Mobile ,非营运中 ,,
310,280,,T-Mobile ,非营运中 ,,
310,290,,T-Mobile ,非营运中 ,,
310,300,iSmart Mobile ,Smart Call (Truphone) ,营运中 ,,
310,310,,T-Mobile ,非营运中 ,,
310,311,,Farmers Wireless ,营运中 ,,
310,320,Cellular One ,"Smith Bagley, Inc. ",营运中 ,,
310,330,T-Mobile ,,非营运中 ,,
310,340,Westlink ,Westlink Communications ,营运中 ,,
310,350,,Carolina Phone ,非营运中 ,,
310,370,docomo ,docomo Pacific ,非营运中 ,,
310,380,AT&T ,AT&T Mobility ,非营运中 ,,
310,390,Cellular One of East Texas ,"TX-11 Acquisition, LLC ",营运中 ,,
310,400,i CAN_GSM ,Wave Runner LLC (Guam) ,营运中 ,,
310,410,AT&T ,AT&T Mobility ,营运中 ,,
310,420,Cincinnati Bell ,Cincinnati Bell Wireless ,营运中 ,,
310,430,,Alaska Digitel ,营运中 ,,
310,440,Cellular One ,,不明 ,,
310,450,Viaero ,Viaero Wireless ,营运中 ,,
310,460,Simmetry ,TMP Corporation ,营运中 ,,
310,470,nTelos ,,营运中 ,,
310,480,,Choice Phone ,营运中 ,,
310,490,T-Mobile ,,营运中 ,,
310,500,Alltel ,,营运中 ,,
310,510,Airtel ,Airtel Wireless ,营运中 ,,
310,520,VeriSign ,,不明 ,,
310,530,,West Virginia Wireless ,营运中 ,,
310,540,Oklahoma Western ,Oklahoma Western Telephone Company ,营运中 ,,
310,560,AT&T ,AT&T Mobility ,营运中 ,,
310,570,Cellular One ,"MTPCS, LLC ",营运中 ,,
310,580,T-Mobile ,,非营运中 ,,
310,59,Cellular One ,,营运中 ,,
310,590,Alltel ,Alltel Communications Inc ,营运中 ,,
310,610,Epic Touch ,Elkhart Telephone Co. ,营运中 ,,
310,620,Coleman County Telecom ,Coleman County Telecommunications ,营运中 ,,
310,630,AmeriLink PCS ,Choice Wireless ,营运中 ,,
310,640,Airadigm ,Airadigm Communications ,营运中 ,,
310,650,Jasper ,"Jasper Wireless, inc ",营运中 ,,
310,660,T-Mobile ,,非营运中 ,,
310,670,Northstar ,,营运中 ,,
310,680,AT&T ,AT&T Mobility ,营运中 ,,
310,690,Conestoga ,Conestoga Wireless Company ,营运中 ,,
310,730,SeaMobile ,,营运中 ,,
310,740,Convey ,Convey Communications Inc. ,营运中 ,,
310,760,Panhandle ,Panhandle Telecommunications Systems Inc. ,营运中 ,,
310,770,i wireless ,Iowa Wireless Services ,营运中 ,,
310,780,,Airlink PCS ,非营运中 ,,
310,790,PinPoint ,PinPoint Communications ,营运中 ,,
310,800,,T-Mobile ,非营运中 ,,
310,830,Caprock ,Caprock Cellular ,营运中 ,,
310,840,telna Mobile ,"Telecom North America Mobile, Inc. ",营运中 ,,
310,850,Aeris ,"Aeris Communications, Inc. ",营运中 ,,
310,870,PACE ,Kaplan Telephone Company ,营运中 ,,
310,880,Advantage ,Advantage Cellular Systems ,营运中 ,,
310,890,Unicel ,Rural Cellular Corporation ,营运中 ,,
310,900,Mid-Rivers Wireless ,Mid-Rivers Communications ,营运中 ,,
310,910,First Cellular ,First Cellular of Southern Illinois ,营运中 ,,
310,940,,Iris Wireless LLC ,营运中 ,,
310,950,XIT Wireless ,Texas RSA 1 dba XIT Cellular ,营运中 ,,
310,960,Plateau Wireless ,,营运中 ,,
310,970,Globalstar ,,营运中 ,,
310,980,,AT&T Mobility ,非营运中 ,,
310,990,,AT&T Mobility ,非营运中 ,,
,,,,,,
美国 - US,,,,,,
,,,,,,
MCC ,MNC ,品牌 ,运营商 ,状态 ,,
311,0,,Mid-Tex Cellular ,营运中 ,,
311,10,Chariton Valley ,Chariton Valley Communications ,营运中 ,,
311,20,,Missouri RSA 5 Partnership ,营运中 ,,
311,30,,Indigo Wireless ,营运中 ,,
311,40,,Commnet Wireless ,营运中 ,,
311,50,,Wikes Cellular ,营运中 ,,
311,60,Farmers Cellular ,Farmers Cellular Telephone ,营运中 ,,
311,70,Easterbrooke ,Easterbrooke Cellular Corporation ,营运中 ,,
311,80,Pine Cellular ,Pine Telephone Company ,营运中 ,,
311,90,Long Lines Wireless ,Long Lines Wireless LLC ,营运中 ,,
311,100,,High Plains Wireless ,营运中 ,,
311,110,,High Plains Wireless ,营运中 ,,
311,120,,Choice Phone ,营运中 ,,
311,130,,Cell One Amarillo ,营运中 ,,
311,140,Sprocket ,MBO Wireless ,营运中 ,,
311,150,,Wilkes Cellular ,营运中 ,,
311,160,,Endless Mountains Wireless ,营运中 ,,
311,170,PetroCom ,Broadpoint Inc ,营运中 ,,
311,180,,Cingular Wireless ,非营运中 ,,
311,190,,Cellular Properties ,不明 ,,
311,210,,Emery Telcom Wireless ,营运中 ,,
311,220,,U.S. Cellular ,营运中 ,,
311,230,,C Spire Wireless ,营运中 ,,
311,250,i CAN_GSM ,Wave Runner LLC ,非营运中 ,,
311,330,Bug Tussel Wireless ,Bug Tussel Wireless ,营运中 ,,
311,480,Verizon ,Verizon Wireless ,营运中 ,,
311,660,metroPCS ,metroPCS ,营运中 ,,
,,,,,,
美国 - US,,,,,,
,,,,,,
MCC,MNC,品牌,运营商,状态,,
313,100,700 MHz Public Safety Broadband,,不明,,
,,,,,,
美国 - US,,,,,,
,,,,,,
MCC ,MNC ,品牌 ,运营商 ,状态 ,,
316,10,Nextel ,Nextel Communications ,营运中 ,,
316,11,,Southern Communications Services ,营运中 ,,
,,,,,,
乌拉圭 - UY,,,,,,
,,,,,,
MCC ,MNC ,品牌 ,运营商 ,状态 ,,
748,1,Antel ,Compania estatal (ANTEL) ,营运中 ,,
748,7,Movistar ,Telefónica Móviles Uruguay ,营运中 ,,
748,10,Claro UY ,AM Wireless Uruguay S.A. ,,,
,,,,,,
,,,,,,
,,,,,,
,,,,,,
,,,,,,
比利时,,,,,,
206,1,Proximus, Belgacom Mobile, Operational, GSM 900 / GSM 1800 / UMTS 2100 / UMTS 900 ,
206,5,Telenet, Telenet, Operational  , MVNO using Mobistar's Network [14] ,
206,10,Mobistar, France Telecom, Operational, GSM 900 / GSM 1800 / UMTS 2100 ,
206,20,BASE, KPN ,Operational, GSM 900 / GSM 1800 / UMTS 2100 ,
澳大利亚 ,,,,,,
505,1,Telstra, Telstra Corporation Limited, Operational, GSM 900 / GSM 1800 / UMTS 850 / UMTS 2100 ,
505,2,Optus, Singtel Optus Proprietary Limited, Operational, GSM 900 / GSM 1800 / UMTS 900 / UMTS 2100 ,
505,3,Vodafone, Vodafone Hutchison Australia Proprietary Limited, Operational ,GSM 900 / GSM 1800 / UMTS 850 / UMTS 900 / UMTS 2100 ,
505,4,  , Department of Defence, Operational, Unknown Private network,
505,5,Ozitel ,  ,Not operational  , Brand was taken over by Telstra. ,
505,6,3, Vodafone Hutchison Australia Proprietary Limited, Operational ,UMTS 2100 ,
505,8,One.Tel, One.Tel Limited ,Not operational ,GSM 900 Brand was dissolved. ,
505,9,Airnet ,,  Not operational ,  No longer provide mobile services. ,
505,12,3,Vodafone Hutchison Australia Proprietary Limited, Operational ,UMTS 2100 ,
505,13,Railcorp ,Rail Corporation New South Wales Reserved ,GSM 1800, For internal use by Railcorp Digital Train Radio System. ,
505,14,AAPT ,Telecom New Zealand, Operational, GSM 1800 / UMTS 2100 Wholesale from Vodafone Hutchison Australia ,
505,15,3GIS ,  Not operational  , Taken over by Vodafone. ,,
505,16,Victorian Rail Track ,,  Reserved GSM 1800 Digital Train Radio System. Starting to be seen. ,,
505,21,SOUL ,TPG Telecom Limited, Unknown M,VNO Also known as Total Peripherals Group. ,
505,24,Advance Communications Technologies Pty. Ltd.,   Unknown, Unknown ,  ,
505,38,Crazy John's ,Vodafone Hutchison Australia Proprietary Limited ,Operational, GSM 900 / GSM 1800 / UMTS 900 / UMTS 2100 Some existing customers - wholesale from Telstra/all new and some existing from Vodafone Hutchison Australia. ,
505,71,Telstra, Telstra Corporation Limited, Operational ,Unknown   ,
505,72,Telstra, Telstra Corporation Limited, Operational, Unknown   ,
505,88,Localstar Holding Pty. Ltd. ,,  Not operational ,  Globalstar Satellite (no longer in service, locally). 
505,90,Optus ,Singtel Optus Proprietary Limited ,Operational, Unknown   ,
505,99,One.Tel, One.Tel ,Not operational, GSM 1800 Brand was dissolved. Rail operators purchased 1800 spectrum. ,
